,PLAYER NAME,ROUNDS,%,GREENS HIT,# HOLES,RELATIVE/PAR
0,Aaron Baddeley,6184554960,62.5763.3963.3364.8963.99,642890627549622,10261404990846972,-0.28-0.26-0.30-0.31-0.29
1,Aaron Wise,90724982,68.8168.6072.1070.35,10908525841013,158412428101440,-0.29-0.33-0.24-0.27
2,Abraham Ancer,989374101,66.4966.7966.9769.27,114910588921222,1728158413321764,-0.27-0.29-0.29-0.30
3,Adam Hadwin,9892866590,65.0868.0467.5568.2962.44,11481090997799989,17641602147611701584,-0.28-0.25-0.30-0.27-0.28
4,Adam Long,768887,65.2867.7463.03,8931073953,136815841512,-0.24-0.29-0.29
5,Adam Schenk,8610278110,67.9268.6169.0767.37,97812359201237,1440180013321836,-0.24-0.30-0.27-0.27
6,Adam Scott,5878633872,67.0570.6668.9468.1365.35,700992757466847,1044140410986841296,-0.27-0.25-0.31-0.31-0.32
7,Adam Svensson,73,69.40,837,1206,-0.26
8,Alex Cejka,857758,66.4563.7764.44,921792580,13861242900,-0.22-0.27-0.22
9,Alex Noren,67636086,64.9165.2864.7863.21,701705653933,1080108010081476,-0.28-0.26-0.30-0.31
10,Alex Prugh,77,71.44,913,1278,-0.25
11,Anders Albertson,68,67.71,780,1152,-0.24
12,Andres Gonzales,73,67.71,841,1242,-0.26
13,Andrew Landry,82806372,65.6367.1264.1163.89,945894727759,1440133211341188,-0.27-0.27-0.26-0.27
14,Andrew Loupe,55,59.83,560,936,-0.26
15,Andrew Putnam,97814695,70.4765.9463.7766.10,11299025281059,160213688281602,-0.24-0.32-0.25-0.26
16,Andrew Yun,51,61.85,501,810,-0.22
17,Anirban Lahiri,7282733568,63.4364.7062.9668.1064.62,822955782429791,1296147612426301224,-0.32-0.27-0.28-0.28-0.33
18,Arjun Atwal,35,66.49,371,558,-0.24
19,Austin Cook,107686478,66.5165.7168.2464.51,1281757737836,1926115210801296,-0.27-0.30-0.26-0.26
20,Beau Hossler,104877192,67.9567.0065.1765.34,127210017861035,1872149412061584,-0.29-0.30-0.29-0.28
21,Ben Crane,8665,65.6864.88,934689,14221062,-0.24-0.26
22,Ben Martin,86643854,66.6063.9867.1366.67,947737435600,14221152648900,-0.25-0.28-0.27-0.27
23,Ben Silverman,9070,64.9566.50,982814,15121224,-0.27-0.25
24,Ben Taylor,4456,68.9266.22,521596,756900,-0.24-0.26
25,Bill Haas,9276774650,67.9164.7964.6569.4465.78,1039863803550521,153013321242792792,-0.24-0.23-0.27-0.22-0.24
26,Billy Horschel,8886997997,67.8971.7567.6366.1766.47,1051105911209411029,15481476165614221548,-0.23-0.28-0.28-0.30-0.29
27,Billy Hurley III,8070,63.6163.02,916726,14401152,-0.26-0.25
28,Blayne Barber,7769,67.6169.98,864844,12781206,-0.27-0.26
29,Bo Hoag,7193,69.9869.67,8441091,12061566,-0.25-0.25
30,Bo Van Pelt,4578,65.1265.05,504843,7741296,-0.22-0.25
31,Boo Weekley,75,68.65,902,1314,-0.22
32,Brad Fritsch,56,64.21,601,936,-0.23
33,Brady Schnell,53,64.49,592,918,-0.26
34,Branden Grace,7067764387,66.4067.1066.0968.4364.47,753773809505940,1134115212247381458,-0.23-0.27-0.25-0.26-0.30
35,Brandon Hagy,855082,64.5067.6362.99,894560839,13868281332,-0.28-0.28-0.28
36,Brandon Harkins,10191,65.6767.67,11231011,17101494,-0.31-0.29
37,Brandt Snedeker,53841025390,67.1165.0464.9365.9364.48,6049601157629975,900147617829541512,-0.28-0.29-0.29-0.27-0.30
38,Brendan Steele,8974686882,67.2669.2469.9868.1465.42,1017835781785895,15121206111611521368,-0.28-0.24-0.24-0.29-0.27
39,Brendon Todd,8693,65.5064.86,10141004,15481548,-0.29-0.29
40,Brett Drewitt,57,64.78,618,954,-0.22
41,Brett Stegmaier,7867,66.7470.31,913772,13681098,-0.24-0.26
42,Brian Campbell,55,63.29,581,918,-0.28
43,Brian Gay,82103936772,63.5364.5264.3664.8160.71,89211731031735765,14041818160211341260,-0.27-0.30-0.27-0.30-0.26
44,Brian Harman,104949178105,63.7867.5964.1765.6764.33,1148109510289221158,18001620160214041800,-0.29-0.26-0.28-0.31-0.32
45,Brian Stuard,931039883108,63.3567.1264.8965.0966.72,992117210989491249,15661746169214581872,-0.25-0.25-0.27-0.28-0.27
46,Brice Garnett,998758100,66.7869.5469.9268.12,114210647301128,1710153010441656,-0.26-0.28-0.27-0.26
47,Bronson Burgoon,69595576,68.4467.9866.8868.36,850673638886,12429909541296,-0.28-0.27-0.31-0.25
48,Brooks Koepka,8864814066,63.4768.2869.9766.8168.01,914762932481808,1440111613327201188,-0.35-0.31-0.32-0.29-0.32
49,Bryce Molder,74,61.79,823,1332,-0.24
50,Bryson DeChambeau,9193756283,65.4869.6566.2068.4667.15,10491166858764967,16021674129611161440,-0.26-0.30-0.32-0.34-0.37
51,Bubba Watson,7190656677,62.8768.2166.7667.6867.95,713970697804844,11341422104411881242,-0.27-0.28-0.27-0.28-0.25
52,Bud Cauley,92558265,67.3664.2667.2165.57,1067613992720,158495414761098,-0.27-0.26-0.31-0.27
53,Byeong Hun An,7786807586,64.0467.9967.7565.7863.29,8301028939888957,12961512138613501512,-0.25-0.26-0.29-0.28-0.25
54,C.T. Pan,88104845682,67.2571.2064.1667.2665.83,10411256947678948,15481764147610081440,-0.22-0.26-0.27-0.22-0.26
55,Cam Davis,766294,68.7569.2565.31,8917231105,129610441692,-0.29-0.29-0.34
56,Cameron Champ,787079,69.3067.7066.00,948853891,136812601350,-0.29-0.29-0.30
57,Cameron Percy,71564985,69.9169.5669.6372.58,8186265641006,11709008101386,-0.23-0.29-0.26-0.25
58,Cameron Smith,8685796489,63.1463.1863.6664.0665.72,932887848738970,14761404133211521476,-0.31-0.30-0.29-0.31-0.37
59,Cameron Tringale,8967736394,64.3965.5269.6669.6667.63,9627438157901120,14941134117011341656,-0.26-0.23-0.29-0.27-0.31
60,Camilo Villegas,7681,61.8865.58,802909,12961386,-0.30-0.27
61,Carl Pettersson,63,57.91,615,1062,-0.28
62,Carlos Ortiz,847295,67.8266.7467.03,10018651110,147612961656,-0.27-0.29-0.31
63,Chad Campbell,9787,69.0765.54,1206932,17461422,-0.24-0.21
64,Chad Collins,66,60.93,680,1116,-0.25
65,Charl Schwartzel,636590,61.7661.1166.86,6676381035,108010441548,-0.29-0.25-0.27
66,Charles Howell III,86104946970,67.0169.3370.5168.7667.22,98912481155854847,14761800163812421260,-0.27-0.26-0.29-0.28-0.24
67,Charley Hoffman,112877463103,66.6266.5366.5168.3667.85,12959588387261209,19441440126010621782,-0.30-0.27-0.27-0.32-0.31
68,Chase Seiffert,5684,68.1166.74,662937,9721404,-0.28-0.27
69,Chase Wright,75,67.95,844,1242,-0.29
70,Chesson Hadley,103766278,67.6864.6470.2164.58,1206861733837,1782133210441296,-0.30-0.27-0.30-0.28
71,Chez Reavie,9893997790,67.3168.6767.9367.2467.13,1151106311259321015,17101548165613861512,-0.27-0.27-0.30-0.25-0.24
72,Chris Baker,5362,70.0765.74,618639,882972,-0.24-0.22
73,Chris Kirk,8910890,66.7368.2468.35,99713021058,149419081548,-0.28-0.27-0.28
74,Chris Stroud,67817048,66.2062.9462.9964.61,703827703535,106213141116828,-0.26-0.27-0.28-0.29
75,Cody Gribble,797174,62.7062.4861.62,869731732,138611701188,-0.29-0.28-0.31
76,Collin Morikawa,8083,69.0370.80,994994,14401404,-0.31-0.31
77,Conrad Shindler,60,66.27,668,1008,-0.26
78,Corey Conners,979074107,70.1973.0671.5569.93,117511319531309,1674154813321872,-0.24-0.25-0.25-0.30
79,Curtis Luck,65,62.43,663,1062,-0.28
80,D.A. Points,6863,66.8360.20,818661,12241098,-0.24-0.26
81,D.J. Trahan,4970,68.2065.57,577779,8461188,-0.26-0.24
82,Daniel Berger,9181706487,66.6766.8965.1566.9370.50,10329157747711066,15481368118811521512,-0.29-0.26-0.28-0.32-0.31
83,Daniel Summerhays,10051,63.4256.79,1073460,1692810,-0.27-0.28
84,Danny Lee,9388836961,66.1065.0566.7465.6264.78,10591007973815688,16021548145812421062,-0.28-0.29-0.28-0.29-0.26
85,Danny Willett,634051,66.2362.5060.64,751450513,1134720846,-0.26-0.27-0.28
86,David Hearn,9366555568,64.7168.8967.4966.8866.32,990744571614764,153010808469181152,-0.24-0.26-0.27-0.25-0.25
87,David Lingmerth,7982,63.1163.03,852885,13501404,-0.28-0.30
88,Denny McCarthy,71898194,68.1765.9867.4664.01,7739629351083,1134145813861692,-0.26-0.33-0.32-0.28
89,Derek Fathauer,8184,62.8160.35,848869,13501440,-0.29-0.29
90,Doc Redman,8284,70.8065.86,1045901,14761368,-0.29-0.25
91,Dominic Bozzelli,69657338,61.9760.9466.9262.96,725713807408,117011701206648,-0.25-0.28-0.33-0.33
92,Doug Ghim,4490,69.5869.64,5011078,7201548,-0.23-0.28
93,Dustin Johnson,7777734975,69.5270.5766.9869.2766.67,876940844611864,1260133212608821296,-0.30-0.37-0.32-0.35-0.34
94,Dylan Frittelli,838278,68.2465.7964.04,995971830,145814761296,-0.26-0.26-0.25
95,Emiliano Grillo,90948569100,66.9968.8468.7371.5471.47,104911409658371235,15661656140411701728,-0.26-0.28-0.27-0.26-0.29
96,Erik van Rooyen,85,64.38,846,1314,-0.31
97,Ernie Els,5251,56.8463.72,532562,936882,-0.26-0.24
98,Ethan Tracy,72,64.87,794,1224,-0.26
99,Fabián Gómez,6188625960,64.6967.8668.1066.6762.24,6871026760660605,106215121116990972,-0.25-0.25-0.26-0.28-0.24
100,Francesco Molinari,757361,67.2870.2463.58,872885618,12961260972,-0.27-0.26-0.25
101,Freddie Jacobson,53,63.18,580,918,-0.27
102,Gary Woodland,9496876274,69.4870.5169.0568.1962.94,111311551044761793,16021638151211161260,-0.25-0.27-0.33-0.31-0.30
103,Geoff Ogilvy,80,65.51,849,1296,-0.23
104,Gonzalo Fernandez-Castaño,63,62.20,627,1008,-0.26
105,Graeme McDowell,56677548,62.6064.5064.7963.31,631685828547,100810621278864,-0.28-0.24-0.28-0.26
106,Graham DeLaet,82,68.57,938,1368,-0.27
107,Grayson Murray,94723653,63.9562.5063.8962.59,1036810414552,16201296648882,-0.30-0.30-0.30-0.25
108,Greg Chalmers,7556,59.8656.94,765533,1278936,-0.26-0.27
109,Hank Lebioda,765774,69.2167.6869.14,872670896,12609901296,-0.27-0.26-0.27
110,Harold Varner III,10191847496,67.6867.7967.2170.5767.78,120610869929401098,17821602147613321620,-0.25-0.25-0.28-0.28-0.28
111,Harris English,8484977695,63.9663.3266.8570.9165.76,87588910959701089,13681404163813681656,-0.26-0.29-0.28-0.29-0.34
112,Harry Higgs,8382,66.0663.68,987917,14941440,-0.28-0.34
113,Henrik Norlander,7488,70.6569.18,9411046,13321512,-0.28-0.23
114,Henrik Stenson,6058,73.5166.11,741595,1008900,-0.26-0.26
115,Hideki Matsuyama,8375917496,69.0169.2969.3868.5467.03,94489810999131122,13681296158413321674,-0.32-0.30-0.30-0.30-0.31
116,Hudson Swafford,94735982,68.2168.9966.7667.89,11058326851002,1620120610261476,-0.27-0.25-0.30-0.29
117,Hunter Mahan,73675959,64.5568.9668.2757.50,825782725590,1278113410621026,-0.23-0.28-0.28-0.27
118,Ian Poulter,7273654876,64.4667.0166.8662.6260.88,789772698541789,1224115210448641296,-0.25-0.26-0.30-0.32-0.29
119,J.B. Holmes,83777850,62.5765.2665.5760.30,856881838521,136813501278864,-0.30-0.28-0.27-0.28
120,J.J. Henry,928158,69.4470.5266.67,1075952624,15481350936,-0.21-0.21-0.17
121,J.J. Spaun,9285906276,67.1269.4868.3666.0067.36,10399881009689873,15481422147610441296,-0.26-0.28-0.27-0.28-0.23
122,J.T. Poston,95731007887,65.5268.3166.8464.7462.24,10268731155909941,15661278172814041512,-0.30-0.28-0.29-0.31-0.31
123,James Hahn,96853672,66.0968.2969.4468.81,11421008450867,172814766481260,-0.25-0.26-0.27-0.29
124,Jamie Lovemark,9892,66.0964.65,11421024,17281584,-0.28-0.29
125,Jason Bohn,75,63.15,807,1278,-0.21
126,Jason Day,7175695368,63.7265.2869.7064.7866.67,757799803618780,1188122411529541170,-0.34-0.33-0.30-0.30-0.27
127,Jason Dufner,8971746288,67.2164.2470.7667.8365.96,9927409177571021,14761152129611161548,-0.27-0.24-0.24-0.22-0.24
128,Jason Kokrak,9599946295,66.7870.3768.7768.6469.19,1142125411147661096,17101782162011161584,-0.26-0.28-0.30-0.25-0.32
129,Jhonattan Vegas,9592755290,65.9365.1769.2970.2268.81,106810448986321090,1620160212969001584,-0.26-0.25-0.30-0.28-0.29
130,Jim Furyk,54507339,66.1263.1969.2874.22,607546848521,9188641224702,-0.23-0.23-0.24-0.22
131,Jim Herman,77526066,68.0766.2064.1766.67,919572693792,135086410801188,-0.25-0.27-0.22-0.24
132,Jim Knous,57,67.71,646,954,-0.25
133,Jimmy Walker,6881744674,63.5761.9064.7162.2057.96,698858862515772,1098138613328281332,-0.27-0.29-0.23-0.27-0.27
134,Joaquin Niemann,9876105,68.0669.3068.57,11769481259,172813681836,-0.28-0.28-0.31
135,Joel Dahmen,931007988,68.8266.7263.8565.24,10531153908963,1530172814221476,-0.26-0.29-0.29-0.29
136,Joey Garber,63,66.37,681,1026,-0.25
137,John Chin,58,68.72,668,972,-0.24
138,John Huh,929462,65.7865.8065.52,10421066684,158416201044,-0.24-0.29-0.24
139,Johnson Wagner,717564,66.9367.8771.55,759843747,113412421044,-0.24-0.28-0.29
140,Jon Rahm,9071755886,68.6170.1269.0470.3171.93,1025833845734997,14941188122410441386,-0.29-0.31-0.33-0.33-0.34
141,Jonas Blixt,746782,61.5162.0265.13,775681891,126010981368,-0.29-0.24-0.29
142,Jonathan Byrd,7055,68.1965.19,761575,1116882,-0.25-0.27
143,Jonathan Randolph,6871,62.8760.43,713707,11341170,-0.25-0.24
144,Jordan Spieth,8581826292,70.0170.4762.8062.3764.58,9839648936961023,14041368142211161584,-0.34-0.29-0.34-0.32-0.35
145,Joseph Bramlett,5784,70.0268.87,668967,9541404,-0.25-0.26
146,Josh Teater,734354,70.4871.5466.90,850528578,1206738864,-0.27-0.29-0.29
147,José de Jesús Rodríguez,67,64.27,752,1170,-0.29
148,Julián Etulain,6870,66.7563.50,757743,11341170,-0.24-0.26
149,Justin Rose,6670663858,68.0669.9564.7863.1665.95,784831723432641,115211881116684972,-0.29-0.32-0.34-0.33-0.30
150,Justin Thomas,8691756687,67.1668.7770.6869.6167.79,95510159168271025,14221476129611881512,-0.36-0.33-0.34-0.34-0.35
151,K.H. Lee,9276110,67.6665.2064.26,10238451226,151212961908,-0.26-0.27-0.29
152,K.J. Choi,7254,63.0562.82,749588,1188936,-0.25-0.22
153,Keegan Bradley,10498896890,68.6369.1868.5066.4269.96,1260115810118131083,18361674147612241548,-0.27-0.27-0.26-0.25-0.27
154,Keith Mitchell,99866488,69.4267.3465.0264.62,12121006749977,1746149411521512,-0.28-0.30-0.28-0.29
155,Kelly Kraft,759487,63.1563.8362.41,8071057910,127816561458,-0.25-0.25-0.29
156,Ken Duke,77,63.69,814,1278,-0.24
157,Kevin Chappell,957741,65.2566.5265.18,1057886481,16201332738,-0.28-0.27-0.29
158,Kevin Kisner,10589977383,66.3865.3866.9965.3764.96,11719181037859912,17641404154813141404,-0.25-0.28-0.28-0.29-0.29
159,Kevin Na,8691657190,65.5164.6664.4463.2264.11,96710016968081004,14761548108012781566,-0.28-0.31-0.27-0.30-0.31
160,Kevin Streelman,90948373102,66.6771.5669.7567.6669.21,1056118510178891196,15841656145813141728,-0.25-0.24-0.26-0.28-0.29
161,Kevin Tway,96110845268,64.7166.8867.0162.6267.11,10251252965541749,1584187214408641116,-0.28-0.29-0.27-0.26-0.28
162,Kiradech Aphibarnrat,5165,62.2061.65,515688,8281116,-0.27-0.28
163,Kramer Hickok,795171,67.1066.2168.04,930584845,13868821242,-0.26-0.22-0.25
164,Kris Ventura,4878,67.1761.98,532781,7921260,-0.32-0.29
165,Kyle Jones,72,65.99,784,1188,-0.23
166,Kyle Reifers,96,65.97,1045,1584,-0.22
167,Kyle Stanley,10493815796,70.3971.0967.4772.5469.88,126711269236921132,1800158413689541620,-0.26-0.26-0.26-0.25-0.24
168,Kyle Thompson,50,62.44,517,828,-0.22
169,Lanto Griffin,809695,67.4265.5265.12,89810851055,133216561620,-0.27-0.29-0.29
170,Lee Westwood,65,64.78,723,1116,-0.26
171,Louis Oosthuizen,6962714881,65.2365.7466.8465.2867.64,728639770564901,111697211528641332,-0.25-0.23-0.29-0.28-0.31
172,Lucas Glover,9365946798,69.9467.1268.1568.7466.72,113373711048291153,16201098162012061728,-0.27-0.24-0.29-0.27-0.27
173,Luke Donald,5058,61.9267.06,535676,8641008,-0.27-0.22
174,Luke List,10298666991,69.1068.3665.4369.4868.41,121911697428631096,17641710113412421602,-0.29-0.27-0.28-0.27-0.29
175,Mackenzie Hughes,10680807094,64.7466.0165.2863.4164.44,12129038937991044,18721368136812601620,-0.26-0.27-0.28-0.30-0.29
176,Marc Leishman,9493766183,67.0466.6767.2161.4865.72,10861080871675899,16201620129610981368,-0.29-0.30-0.30-0.27-0.28
177,Mark Anderson,545162,65.6066.7868.15,614565687,9368461008,-0.24-0.23-0.25
178,Mark Hubbard,8186102,65.3966.6764.99,87110321123,133215481728,-0.23-0.31-0.29
179,Martin Flores,8892,70.6466.34,10301027,14581548,-0.25-0.26
180,Martin Laird,8373883982,65.8665.9069.8670.5169.44,98477110064951000,1494117014407021440,-0.27-0.29-0.27-0.24-0.24
181,Martin Piller,79,60.39,837,1386,-0.27
182,Martin Trainer,634863,60.4752.0555.46,664431589,10988281062,-0.29-0.25-0.27
183,Matt Atkins,56,63.46,594,936,-0.26
184,Matt Every,767947,60.1664.5965.06,758872527,12601350810,-0.30-0.26-0.28
185,Matt Fitzpatrick,545469,63.9466.0564.39,587642765,9189721188,-0.29-0.30-0.31
186,Matt Jones,64708876104,63.1066.4966.6066.2365.74,63674210079061207,10081116151213681836,-0.26-0.27-0.29-0.28-0.28
187,Matt Kuchar,9588875675,66.7366.8169.3864.9865.49,1105962999655778,16561440144010081188,-0.26-0.27-0.30-0.31-0.29
188,Matt Wallace,4460,63.6463.94,504610,792954,-0.28-0.27
189,Matthew NeSmith,7290,70.1871.09,8591126,12241584,-0.27-0.25
190,Matthew Wolff,7460,66.8264.95,890643,1332990,-0.30-0.32
191,Maverick McNealy,8084,65.8666.52,901934,13681404,-0.30-0.30
192,Max Homa,827093,65.1464.6063.89,938814989,144012601548,-0.28-0.29-0.32
193,Michael Gellerman,4651,68.2570.80,516599,756846,-0.26-0.22
194,Michael Gligic,5288,67.1366.53,580958,8641440,-0.26-0.25
195,Michael Kim,94746175,65.6860.6360.0861.11,1064764638759,1620126010621242,-0.27-0.28-0.23-0.23
196,Michael Thompson,6062716280,63.6970.1165.7364.9665.54,642732840725873,10081044127811161332,-0.24-0.26-0.29-0.27-0.26
197,Miguel Angel Carballo,63,64.91,666,1026,-0.25
198,Morgan Hoffmann,92,63.57,1007,1584,-0.27
199,Nate Lashley,51705278,68.2067.4864.8565.50,577826607896,84612249361368,-0.24-0.30-0.26-0.25
200,Nelson Ledesma,4254,62.6465.39,451565,720864,-0.28-0.27
201,Nicholas Lindheim,5877,65.6768.04,662845,10081242,-0.25-0.26
202,Nick Taylor,9794975994,66.1467.6567.2666.9565.62,1131109611267111063,17101620167410621620,-0.24-0.24-0.29-0.29-0.29
203,Nick Watney,7594874662,66.4367.9668.6170.2065.33,82511011025556635,124216201494792972,-0.24-0.28-0.29-0.28-0.21
204,Ollie Schniederjans,929177,66.0362.7762.89,1034983849,156615661350,-0.28-0.31-0.31
205,Pat Perez,93826859104,66.1767.7865.3270.5166.26,10729157296981145,1620135011169901728,-0.29-0.27-0.28-0.27-0.28
206,Patrick Cantlay,5287774685,69.2170.6967.2168.3670.16,5981018871566985,864144012968281404,-0.29-0.27-0.34-0.32-0.30
207,Patrick Reed,10794937481,62.1763.5766.2265.3262.11,11199841049870872,18001548158413321404,-0.29-0.30-0.31-0.34-0.35
208,Patrick Rodgers,76975595106,65.8465.6564.7166.9767.10,877109959410971232,1332167491816381836,-0.22-0.28-0.29-0.30-0.28
209,Patton Kizzire,84927655102,63.5269.0463.9664.8567.76,86911068526421244,1368160213329901836,-0.27-0.27-0.31-0.30-0.33
210,Paul Casey,9474795675,70.0667.8470.9670.6368.83,1135867958712892,16201278135010081296,-0.27-0.27-0.30-0.27-0.28
211,Peter Malnati,9187876184,62.4862.9963.9962.5762.78,956941956642904,15301494149410261440,-0.27-0.30-0.30-0.30-0.31
212,Peter Uihlein,838447,67.8866.0367.96,953927526,14041404774,-0.27-0.29-0.30
213,Phil Mickelson,8590635174,62.8564.8864.1763.5162.99,9051016693583839,1440156610809181332,-0.32-0.34-0.30-0.31-0.27
214,Rafa Cabrera Bello,6375715376,62.6970.1662.9963.8462.69,677884771609835,1080126012249541332,-0.26-0.27-0.31-0.28-0.26
215,Rafael Campos,64,63.52,686,1080,-0.27
216,Retief Goosen,5260,63.8961.75,529578,828936,-0.25-0.25
217,Rhein Gibson,5462,65.2262.50,587630,9001008,-0.28-0.27
218,Richy Werenski,8198896094,67.4266.9765.9366.6763.82,8981109985672988,13321656149410081548,-0.25-0.26-0.28-0.30-0.29
219,Rick Lamb,54,66.89,602,900,-0.26
220,Rickie Fowler,7874764478,67.0369.5267.7666.5463.96,917926927527898,1368133213687921404,-0.32-0.30-0.32-0.32-0.28
221,Ricky Barnes,10065,63.5363.75,1052677,16561062,-0.27-0.32
222,Rob Oppenheim,746580,64.0565.2163.81,784716850,122410981332,-0.26-0.24-0.29
223,Robby Shelton,7586,66.9061.18,855881,12781440,-0.27-0.26
224,Robert Garrigus,7880,69.5265.28,901893,12961368,-0.28-0.26
225,Robert Streb,9878805484,65.1964.9466.1367.3364.57,1103865857606953,1692133212969001476,-0.26-0.24-0.26-0.27-0.27
226,Roberto Castro,7076,63.7368.44,780887,12241296,-0.20-0.26
227,Roberto Díaz,7273,63.7366.58,780779,12241170,-0.23-0.28
228,Rod Pampling,716256,64.0162.6464.00,818654599,12781044936,-0.21-0.23-0.22
229,Roger Sloan,885588,65.0865.5868.77,9846021015,15129181476,-0.30-0.26-0.27
230,Rory McIlroy,5164726077,65.6366.3068.5567.7865.77,567728839732876,8641098122410801332,-0.28-0.31-0.37-0.33-0.34
231,Rory Sabbatini,7191976675,67.3567.8566.9165.2464.81,78810871120775875,11701602167411881350,-0.28-0.26-0.30-0.26-0.30
232,Russell Henley,9977786787,67.8168.7768.1071.6969.44,11849168588131050,17461332126011341512,-0.28-0.26-0.25-0.25-0.27
233,Russell Knox,7594796796,66.5969.5769.0670.1170.41,83911278957951166,12601620129611341656,-0.25-0.24-0.25-0.25-0.25
234,Ryan Armour,63109926080,69.9668.2267.5767.9167.02,74313141119709941,10621926165610441404,-0.23-0.25-0.26-0.28-0.29
235,Ryan Blaum,1008190,65.2866.1064.97,1128928959,172814041476,-0.27-0.27-0.28
236,Ryan Brehm,835262,67.3968.7867.72,934619707,13869001044,-0.25-0.27-0.26
237,Ryan Moore,82787448,65.0568.8068.1768.56,925966908543,142214041332792,-0.28-0.26-0.30-0.28
238,Ryan Palmer,6169746881,66.4665.6168.3565.9365.54,634744812807873,9541134118812241332,-0.21-0.30-0.30-0.30-0.32
239,Ryo Ishikawa,56,63.29,638,1008,-0.26
240,Sam Burns,806088,64.7466.9567.79,9096991025,140410441512,-0.31-0.32-0.35
241,Sam Ryder,82767494,72.0867.9866.3568.09,10388818361054,1440129612601548,-0.26-0.30-0.28-0.27
242,Sam Saunders,768078,65.2465.0264.79,822866863,126013321332,-0.28-0.30-0.28
243,Sangmoon Bae,60,64.71,629,972,-0.26
244,Satoshi Kodaira,516780,60.3063.5465.20,521732892,86411521368,-0.22-0.25-0.27
245,Scott Brown,95102866484,64.3565.6566.5364.5064.65,10541158982743931,16381764147611521440,-0.27-0.27-0.27-0.25-0.28
246,Scott Harrington,6885,64.4662.73,789892,12241422,-0.27-0.26
247,Scott Langley,78,62.01,826,1332,-0.29
248,Scott Piercy,7084906685,66.7569.7270.0964.7365.61,80510041085769933,12061440154811881422,-0.28-0.24-0.29-0.28-0.27
249,Scott Stallings,8196827184,67.8965.6266.7469.6568.20,9411063937840933,13861620140412061368,-0.25-0.26-0.28-0.30-0.25
250,Scottie Scheffler,82109,69.0468.08,10191201,14761764,-0.32-0.33
251,Seamus Power,8686803658,65.6365.1762.1969.4468.20,945915806400712,1440140412965761044,-0.28-0.27-0.26-0.32-0.29
252,Sean O'Hair,846755,66.4063.8467.97,1004724624,15121134918,-0.26-0.27-0.22
253,Sebastian Cappelen,5560,64.3660.91,614592,954972,-0.27-0.27
254,Sebastián Muñoz,518684105,63.1568.2666.3466.67,55798310031224,882144015121836,-0.27-0.30-0.30-0.30
255,Sepp Straka,7870100,69.0666.9866.84,8958441155,129612601728,-0.30-0.27-0.30
256,Sergio Garcia,65534479,69.6263.2668.3170.05,777501541933,11167927921332,-0.26-0.30-0.26-0.29
257,Seth Reeves,73,66.83,806,1206,-0.27
258,Seung-Yul Noh,91,65.58,1027,1566,-0.27
259,Shane Lowry,52644479,67.5768.6569.4468.35,596692550935,88210087921368,-0.27-0.25-0.24-0.27
260,Shawn Stefani,727680,67.4867.4969.96,826899957,122413321368,-0.24-0.27-0.27
261,Si Woo Kim,80108877897,59.6363.7864.9165.5465.78,80511949588731113,13501872147613321692,-0.24-0.27-0.32-0.29-0.30
262,Smylie Kaufman,76,65.26,834,1278,-0.28
263,Spencer Levin,89,65.56,1003,1530,-0.22
264,Stephan Jaeger,8177,67.1165.96,906843,13501278,-0.25-0.27
265,Steve Wheatcroft,5160,60.9966.57,516695,8461044,-0.24-0.26
266,Steven Alker,69,65.17,739,1134,-0.24
267,Steven Bowditch,59,53.54,530,990,-0.18
268,Stewart Cink,93875190,68.7668.5867.9769.44,115110746241125,167415669181620,-0.28-0.27-0.27-0.28
269,Sung Kang,10489867390,66.0763.2066.1465.3062.02,12139671000858960,18361530151213141548,-0.28-0.28-0.27-0.26-0.25
270,Sungjae Im,12294127,67.6167.0869.08,143611351517,212416922196,-0.31-0.31-0.31
271,Søren Kjeldsen,58,62.02,547,882,-0.26
272,Tag Ridings,67,65.91,700,1062,-0.29
273,Talor Gooch,78548397,63.5869.9667.0765.80,82468010021066,129697214941620,-0.26-0.29-0.30-0.29
274,Ted Potter Jr.,87734668,63.0366.3568.9462.50,987848546765,156612787921224,-0.27-0.27-0.24-0.27
275,Tiger Woods,68,67.40,825,1224,-0.30
276,Tim Wilkinson,6450,63.9867.39,668558,1044828,-0.27-0.27
277,Tom Hoge,541019874100,66.0663.6265.8065.6262.62,547106510668741082,8281674162013321728,-0.28-0.28-0.26-0.27-0.31
278,Tom Lewis,88,65.56,944,1440,-0.24
279,Tom Lovelady,87,67.08,978,1458,-0.29
280,Tommy Fleetwood,73714065,69.3666.9367.2264.44,824771484696,118811527201080,-0.32-0.27-0.27-0.26
281,Tony Finau,106105897297,68.9670.1867.4668.8367.10,1291123810208921087,18721764151212961620,-0.30-0.32-0.30-0.31-0.32
282,Trey Mullinax,887577,67.0165.3867.50,989812887,147612421314,-0.28-0.29-0.28
283,Troy Merritt,82896972104,64.8465.1668.8566.5064.63,8879977568141140,13681530109812241764,-0.26-0.29-0.32-0.28-0.26
284,Tyler Duncan,97898398,69.6568.4767.5464.26,1166102310091041,1674149414941620,-0.24-0.25-0.27-0.24
285,Tyler McCumber,5770,66.2564.71,632792,9541224,-0.26-0.26
286,Tyrone Van Aswegen,105101,66.3865.23,11591092,17461674,-0.24-0.26
287,Tyrrell Hatton,58624263,66.4666.2869.3163.89,646692524644,97210447561008,-0.24-0.28-0.33-0.32
288,Vaughn Taylor,9083936181,66.6767.0266.8563.7564.67,10089531095700908,15121422163810981404,-0.27-0.27-0.32-0.31-0.27
289,Viktor Hovland,7490,68.4768.61,9121025,13321494,-0.32-0.31
290,Vincent Whaley,4088,66.6765.14,456938,6841440,-0.29-0.28
291,Webb Simpson,10295815277,65.4967.9365.8170.8369.37,11671125924663924,1782165614049361332,-0.27-0.29-0.32-0.36-0.32
292,Wes Roach,6942,67.6467.92,767489,1134720,-0.28-0.27
293,Wesley Bryan,9569,60.5061.28,991739,16381206,-0.28-0.27
294,Whee Kim,749373,62.5863.5566.18,8111018822,129616021242,-0.27-0.29-0.25
295,Will Gordon,3692,71.7067.36,4131067,5761584,-0.27-0.29
296,Will Zalatoris,90,69.54,1089,1566,-0.28
297,William McGirt,8984,67.2067.59,1004949,14941404,-0.23-0.24
298,Wyndham Clark,876584,65.9562.5763.39,1009687890,153010981404,-0.34-0.31-0.29
299,Xander Schauffele,9696777083,68.0065.5968.3970.8768.64,11261098911893939,16561674133212601368,-0.29-0.29-0.32-0.31-0.34
300,Xinjun Zhang,817772,67.0466.0262.34,905915763,135013861224,-0.24-0.29-0.26
301,Zac Blair,1056470,64.7066.4863.47,1153694754,178210441188,-0.24-0.27-0.26
302,Zach Johnson,8194646184,64.2167.4362.5968.0366.87,89010567217471011,13861566115210981512,-0.27-0.29-0.27-0.28-0.27
303,Zack Sucher,38,68.36,443,648,-0.26
304,Zecheng Dou,53,63.72,562,882,-0.21
