PLAYER NAME,Proximity AVG,Avg Fairs Hit,Drives AVG,Gr in Reg,Par3,par4,par5
Aaron Baddeley,0.026422303749994554,0.5516717971321824,2.906,-0.29,3.045714285714286,4.029999999999999,4.664285714285714
Aaron Wise,0.026716000687594058,0.6126250249570202,3.019,-0.2825,3.0225,4.0275,4.585
Abraham Ancer,0.028471470624409856,0.6695255157354099,2.9074,-0.278,3.0340000000000003,4.002000000000001,4.656000000000001
Adam Hadwin,0.027730212626081337,0.6473157613063337,2.910857142857143,-0.2771428571428572,3.0385714285714287,4.027142857142858,4.661428571428572
Adam Long,0.02769903569664342,0.6546312106948443,2.9086666666666665,-0.2733333333333334,3.1,4.03,4.66
Adam Schenk,0.02725029023805747,0.6052802552975727,3.0195,-0.27,3.04,4.02,4.6175
Adam Scott,0.027865955396321314,0.5800802309503129,3.058857142857143,-0.2871428571428572,3.032857142857143,4.024285714285714,4.604285714285714
Adam Svensson,0.029715765828036166,0.6524064171122995,2.898,-0.26,3.04,4.01,4.61
Alex Cejka,0.028780059001059434,0.6610958277757197,2.8231999999999995,-0.252,3.01,4.044,4.678
Alex Noren,0.025316706842012923,0.601201874052288,2.9855,-0.28750000000000003,3.0675,4.0325,4.58
Alex Prugh,0.028709093198581753,0.6305270776304515,2.9945,-0.255,3.065,4.039999999999999,4.605
Anders Albertson,0.027511383571338713,0.6011173184357542,2.932,-0.24,2.98,4.05,4.68
Andres Gonzales,0.027787682014488932,0.561195237006527,2.9613333333333336,-0.26,3.06,4.053333333333334,4.673333333333334
Andres Romero,0.025808466960196036,0.5266594124047879,2.9530000000000003,-0.27,3.1,4.1,4.69
Andrew Landry,0.028875877347426422,0.6652976908344387,2.9054,-0.264,3.068,4.026,4.728
Andrew Loupe,0.026720546936146276,0.4574488686888647,3.1029999999999998,-0.28500000000000003,3.12,4.125,4.6899999999999995
Andrew Putnam,0.026685564975140658,0.5893285982976696,2.8314,-0.268,3.0199999999999996,4.048,4.6979999999999995
Andrew Svoboda,0.027292744390269977,0.5932047750229569,2.8710000000000004,-0.25,3.05,4.13,4.72
Andrew Yun,0.026541405249154156,0.5357710651828299,2.906,-0.22,3.09,4.17,4.88
Anirban Lahiri,0.027455799825061397,0.5910091108306514,2.9428333333333327,-0.2933333333333334,3.0749999999999997,4.036666666666666,4.655
Arjun Atwal,0.029929628067988243,0.6651270207852193,2.865,-0.24,3.14,4.01,4.68
Austin Cook,0.028102286517350757,0.6730720536942731,2.91575,-0.2725,3.0625,4.012499999999999,4.682500000000001
Beau Hossler,0.025899060381130084,0.574579166452086,3.02775,-0.29,3.0575,4.029999999999999,4.6499999999999995
Ben Crane,0.0275888227927145,0.6653821064181272,2.77725,-0.245,3.045,4.04,4.7225
Ben Martin,0.02838311375626057,0.6428385348457736,2.890333333333334,-0.27,3.0583333333333336,4.031666666666667,4.678333333333334
Ben Silverman,0.027789040825273302,0.6676233878349984,2.8869999999999996,-0.26,3.0549999999999997,4.055,4.65
Ben Taylor,0.028159975999042693,0.5546081771720613,2.954,-0.25,3.0,4.045,4.695
Bill Haas,0.026804920201771325,0.6026295090912198,2.9301428571428576,-0.23857142857142857,3.0642857142857145,4.041428571428571,4.622857142857143
Bill Lunde,0.028817693152152105,0.6359375,2.877,-0.21,3.04,4.06,4.75
Billy Horschel,0.027074667631456818,0.6365014096482727,2.9561428571428574,-0.2742857142857143,3.0614285714285714,4.018571428571429,4.644285714285715
Billy Hurley III,0.028772211540639817,0.6277004871816979,2.7762499999999997,-0.255,3.0675,4.047499999999999,4.7299999999999995
Blayne Barber,0.029264768700854635,0.6309359662866918,2.9102499999999996,-0.2625,3.0525,4.039999999999999,4.665
Bo Hoag,0.027335952185327052,0.6355064271510429,2.927,-0.25,3.045,4.02,4.625
Bo Van Pelt,0.028204102632134548,0.6031330854149112,2.9146666666666667,-0.24,3.08,4.1033333333333335,4.723333333333334
Boo Weekley,0.029271982840382318,0.6730738418669454,2.9113333333333333,-0.24666666666666667,3.0866666666666664,4.043333333333333,4.626666666666666
Brad Fritsch,0.028568167985392575,0.5639614855570839,2.883,-0.23,3.01,4.11,4.67
Brady Schnell,0.028956305889928646,0.6746143057503506,2.833,-0.26,3.08,4.06,4.66
Branden Grace,0.02761183111499664,0.5758147890881045,2.9545,-0.26166666666666666,3.06,4.033333333333333,4.675
Brandon Hagy,0.02651386877192766,0.5141553960036166,3.123666666666667,-0.28,3.1,4.036666666666666,4.623333333333334
Brandon Harkins,0.027370149632792128,0.5587143946711444,3.037,-0.3,3.04,4.045,4.615
Brandt Snedeker,0.02737995919514916,0.6218299884724094,2.882857142857143,-0.2857142857142857,3.0585714285714287,3.995714285714286,4.640000000000001
Brendan Steele,0.028149709386476506,0.6219739611428114,3.0302857142857147,-0.26857142857142857,3.075714285714286,4.029999999999999,4.642857142857144
Brendon Todd,0.02723866645835464,0.6871611188417304,2.7859999999999996,-0.2775,3.07,4.0325,4.6775
Brendon de Jonge,0.02786749384270585,0.6244109720309037,2.864,-0.265,3.035,4.045,4.67
Brett Drewitt,0.028955519892953148,0.6072874493927125,2.864,-0.22,3.06,4.06,4.84
Brett Stegmaier,0.02856379832657274,0.6132214516711805,2.9313333333333333,-0.25,3.0399999999999996,4.066666666666666,4.676666666666667
Brian Campbell,0.027586293659051672,0.5820476858345021,2.96,-0.28,3.05,4.06,4.76
Brian Davis,0.02793467213863381,0.6765994741454864,2.755,-0.24,3.09,4.06,4.74
Brian Gay,0.027841956119399013,0.6507670368166201,2.8236,-0.28,3.072,4.0360000000000005,4.6579999999999995
Brian Harman,0.02787517608614654,0.6515060090645698,2.903571428571428,-0.2871428571428572,3.0585714285714287,4.008571428571428,4.631428571428572
Brian Stuard,0.029508463978715305,0.7134202935785778,2.7737142857142856,-0.26,3.041428571428572,4.024285714285713,4.722857142857143
Brice Garnett,0.02754913037158352,0.6644783041443567,2.8998,-0.26,3.04,4.014,4.66
Bronson Burgoon,0.028119743192846353,0.6157400591763313,2.9707999999999997,-0.272,3.004,4.045999999999999,4.63
Brooks Koepka,0.027886277745586916,0.5725533867681943,3.0885714285714285,-0.31428571428571433,3.0528571428571425,4.001428571428572,4.55
Bryce Molder,0.027798763487944588,0.623126515967544,2.7836666666666665,-0.26333333333333336,3.046666666666667,4.036666666666667,4.726666666666667
Bryson DeChambeau,0.027248553957147398,0.594293987294839,3.1068000000000002,-0.31800000000000006,3.0279999999999996,3.9939999999999998,4.536
Bubba Watson,0.02701556242447858,0.5791563850814381,3.1027142857142858,-0.28,3.092857142857143,4.0285714285714285,4.5528571428571425
Bud Cauley,0.027587529619513475,0.6079711235713767,2.9379999999999997,-0.2775,3.0275,4.025,4.625
Byeong Hun An,0.027168176529771288,0.563214179676981,3.0472,-0.266,3.068,4.029999999999999,4.680000000000001
Byron Smith,0.028560478092017633,0.5814863102998696,2.9189999999999996,-0.23,2.97,4.09,4.71
C.T. Pan,0.027348602503451707,0.6386297074885355,2.8964,-0.246,3.0520000000000005,4.042,4.662
Cam Davis,0.027496164530852935,0.5764436555999445,3.0866666666666664,-0.30666666666666664,3.0533333333333332,4.006666666666667,4.57
Cameron Champ,0.026372708281775233,0.5683681686270018,3.19,-0.2933333333333333,3.0766666666666667,4.039999999999999,4.62
Cameron Percy,0.02890234624584064,0.614028287948299,2.9196,-0.258,3.0540000000000003,4.018,4.616
Cameron Smith,0.027666892958778066,0.5759180703238514,2.9486666666666665,-0.3066666666666667,3.065,4.031666666666666,4.624999999999999
Cameron Tringale,0.0270756364347659,0.5913461595281989,2.904857142857143,-0.26857142857142857,3.0385714285714287,4.034285714285714,4.645714285714286
Camilo Villegas,0.027780984244361318,0.5427403576184053,2.901,-0.2725,3.05,4.0525,4.692500000000001
Carl Pettersson,0.027336398274865663,0.554979008134348,2.859,-0.28500000000000003,3.0599999999999996,4.08,4.6899999999999995
Carlos Ortiz,0.02705168879604476,0.5812539645502575,3.0032,-0.28600000000000003,3.0620000000000003,4.037999999999999,4.62
Chad Campbell,0.028905874059927814,0.6551279286270575,2.863,-0.235,3.0324999999999998,4.04,4.64
Chad Collins,0.027941185946772733,0.6017792164327076,2.797,-0.24666666666666667,3.033333333333333,4.0633333333333335,4.676666666666667
Charl Schwartzel,0.026563923690376957,0.5698598168408687,2.9974,-0.266,3.096,4.0520000000000005,4.646
Charles Howell III,0.026453128132529227,0.5719953319313266,3.0077142857142856,-0.27,3.05,4.0042857142857144,4.605714285714285
Charley Hoffman,0.028331340091679588,0.5741882327498351,2.991285714285714,-0.2885714285714286,3.0685714285714285,4.0285714285714285,4.631428571428571
Charlie Beljan,0.029371293510327835,0.6261216350947159,3.0980000000000003,-0.25,3.15,4.12,4.61
Chase Seiffert,0.02823941977218957,0.6387295704477793,2.911,-0.275,3.045,4.02,4.65
Chase Wright,0.027962825890287032,0.6261682242990654,2.991,-0.29,3.05,4.02,4.62
Chesson Hadley,0.02893028858381029,0.5939070470247052,2.9638333333333335,-0.2816666666666667,3.046666666666667,4.043333333333333,4.675
Chez Reavie,0.030119407918318297,0.7189986526183745,2.8551428571428574,-0.26285714285714284,3.037142857142857,4.001428571428571,4.692857142857142
Chris Baker,0.028063393246406058,0.6781330861622832,2.907,-0.22999999999999998,3.065,4.029999999999999,4.71
Chris Kirk,0.02890232236710673,0.6320063034333698,2.8808,-0.274,3.0460000000000003,4.0120000000000005,4.684
Chris Stroud,0.02766385110993638,0.6175968595738569,2.871166666666667,-0.2733333333333334,3.0316666666666663,4.044999999999999,4.701666666666667
Cody Gribble,0.02627920132986558,0.5461861105522603,2.984666666666666,-0.2933333333333334,3.1033333333333335,4.09,4.673333333333333
Collin Morikawa,0.029566876875896576,0.6756639194139193,2.9625000000000004,-0.31,3.0199999999999996,3.99,4.535
Colt Knost,0.029663661986621348,0.722964976232181,2.7315,-0.265,3.05,4.029999999999999,4.655
Conrad Shindler,0.030097645031591038,0.6577266922094508,2.9130000000000003,-0.26,3.02,4.06,4.59
Corey Conners,0.029089457376651282,0.6678621469264874,2.98675,-0.26,3.0349999999999997,4.0075,4.609999999999999
Curtis Luck,0.025965429200367908,0.559074299634592,2.8939999999999997,-0.28,3.11,4.02,4.75
D.A. Points,0.028473659472445036,0.6053145672715149,2.805,-0.2425,3.1050000000000004,4.0725,4.734999999999999
D.H. Lee,0.028136722154338725,0.6085319949811794,2.804,-0.26,3.16,4.16,4.72
D.J. Trahan,0.027164173970559313,0.6086893359350496,2.9475,-0.25,3.13,4.029999999999999,4.645
Daniel Berger,0.027855494140719302,0.6240665647634149,2.9899999999999998,-0.2871428571428572,3.0371428571428574,3.9971428571428573,4.585714285714286
Daniel Summerhays,0.02632482284365799,0.5970097230081707,2.8655000000000004,-0.2875,3.0900000000000003,4.0625,4.6725
Danny Lee,0.027985823756798645,0.6097076612038649,2.9332857142857143,-0.28,3.027142857142857,4.041428571428572,4.702857142857143
Danny Willett,0.02616200303054603,0.5830811367827313,2.9629999999999996,-0.27,3.116666666666667,4.076666666666667,4.656666666666666
David Hearn,0.029105348457645636,0.6739964414669035,2.805285714285715,-0.2571428571428572,3.0428571428571423,4.022857142857142,4.6971428571428575
David Lingmerth,0.0285229458371732,0.663673152281797,2.87575,-0.28250000000000003,3.0625,4.0375,4.665
David Toms,0.029865525956072045,0.7124091455388313,2.6985,-0.22499999999999998,3.02,4.029999999999999,4.765000000000001
Davis Love III,0.028710331891436666,0.6493688639551192,2.947,-0.22,3.08,4.05,4.74
Dawie van der Walt,0.028087470274912357,0.5689479060265578,2.9019999999999997,-0.26,3.03,4.07,4.66
Denny McCarthy,0.026110280409610418,0.6329893701663568,2.9385000000000003,-0.29750000000000004,3.0225,4.015000000000001,4.6025
Derek Ernst,0.027403319096725012,0.6220028962564994,2.9485,-0.215,3.145,4.06,4.6850000000000005
Derek Fathauer,0.026893932048255038,0.5310219572315331,2.8815,-0.28250000000000003,3.0875,4.075,4.69
Dicky Pride,0.028626572923029083,0.6585695006747638,2.7889999999999997,-0.24,3.09,4.08,4.74
Doc Redman,0.0290208636468818,0.665662317376027,2.957,-0.27,3.045,3.995,4.705
Dominic Bozzelli,0.02659716463572495,0.5603678916494957,2.967,-0.29750000000000004,3.065,4.035,4.7
Doug Ghim,0.030043289158988684,0.6611878235141788,2.9444999999999997,-0.255,3.06,4.0,4.645
Dustin Johnson,0.029063937813438263,0.5737690645441287,3.137428571428572,-0.33999999999999997,3.017142857142857,3.974285714285714,4.52
Dylan Frittelli,0.026472621154641333,0.5846932148876209,2.9903333333333335,-0.25666666666666665,3.09,4.016666666666667,4.63
Emiliano Grillo,0.029253940122900172,0.6692388931690415,2.954,-0.27,3.0349999999999997,4.0183333333333335,4.6499999999999995
Eric Axley,0.028087943314085866,0.5554106910039114,2.864,-0.26,3.03,4.08,4.78
Erik Compton,0.02783132682075832,0.564756588440799,2.8655,-0.27,3.08,4.075,4.695
Erik van Rooyen,0.028457361335848426,0.6112204724409449,3.053,-0.31,3.13,4.02,4.63
Ernie Els,0.02651082237192831,0.5629597128847736,2.88475,-0.2525,3.0974999999999997,4.1000000000000005,4.715
Ethan Tracy,0.027498510975723523,0.6025236593059937,2.99,-0.26,3.11,4.06,4.73
Fabián Gómez,0.027601845780158975,0.635216669473883,2.8729999999999998,-0.26,3.0571428571428574,4.047142857142857,4.678571428571429
Francesco Molinari,0.02814698495187451,0.6845340348165962,2.9008,-0.25,3.058,4.022,4.642
Freddie Jacobson,0.02684976530235407,0.598264924564738,2.8280000000000003,-0.275,3.025,4.0649999999999995,4.7
Gary Woodland,0.027646820456012217,0.5919141723797976,3.079714285714285,-0.2842857142857143,3.077142857142857,4.0285714285714285,4.575714285714286
Geoff Ogilvy,0.026892280777897053,0.611388255885771,2.907,-0.24,3.0866666666666664,4.073333333333333,4.703333333333333
George McNeill,0.02832366694689431,0.6254226437205668,2.8535000000000004,-0.255,3.065,4.055,4.715
Gonzalo Fernandez-Castaño,0.02690092022676707,0.5711388003477254,2.907,-0.25,3.0549999999999997,4.0600000000000005,4.695
Graeme McDowell,0.02710297011727218,0.6543919494388138,2.8478000000000003,-0.262,3.038,4.07,4.688000000000001
Graham DeLaet,0.028759915034162836,0.6308282241699409,2.9923333333333333,-0.2733333333333334,3.0366666666666666,4.033333333333332,4.656666666666667
Grayson Murray,0.02753920436517774,0.5426220802525935,3.0869999999999997,-0.2875,3.1025,4.09,4.695
Greg Chalmers,0.025415686275701815,0.6028828628944151,2.8076666666666665,-0.27,3.0700000000000003,4.090000000000001,4.746666666666667
Greg Owen,0.02932917332144501,0.5942760140568228,2.9575,-0.225,3.0949999999999998,4.035,4.745
Hank Lebioda,0.02785168794779087,0.6237816851917017,2.9456666666666664,-0.26666666666666666,3.03,4.036666666666666,4.59
Harold Varner III,0.027886427010978484,0.5991402132791163,3.028666666666666,-0.265,3.0416666666666665,4.036666666666667,4.621666666666666
Harris English,0.026973185279336207,0.5879195326124115,3.004571428571428,-0.2857142857142857,3.0428571428571423,4.017142857142857,4.614285714285714
Harry Higgs,0.02754842410228059,0.5972291684032119,2.9995,-0.31000000000000005,3.0949999999999998,4.005,4.665
Heath Slocum,0.028827714197339933,0.6951219512195121,2.758,-0.23,3.1,4.1,4.71
Henrik Norlander,0.0286497303098666,0.6668434817244617,2.9143333333333334,-0.25333333333333335,3.0500000000000003,4.02,4.646666666666667
Henrik Stenson,0.028080165692908245,0.7240749658213596,2.9019999999999997,-0.26,3.043333333333333,3.9899999999999998,4.593333333333334
Hideki Matsuyama,0.028857602909218516,0.6131862413096,3.0022857142857142,-0.30428571428571427,3.028571428571429,3.9857142857142853,4.558571428571429
Hiroshi Iwata,0.026204995058470786,0.5834053586862575,2.888,-0.28,3.05,4.1,4.7
Hudson Swafford,0.028387294349874286,0.6186986105571695,3.02,-0.2816666666666667,3.095,4.038333333333333,4.6000000000000005
Hunter Mahan,0.025605041604810783,0.6102201878156546,2.9553333333333334,-0.26333333333333336,3.15,4.048333333333333,4.703333333333333
Ian Poulter,0.027450948537837725,0.6367547541080878,2.878833333333333,-0.2816666666666667,3.0566666666666666,4.0200000000000005,4.616666666666666
J.B. Holmes,0.02688504490607298,0.5291450681566563,3.079333333333333,-0.2916666666666667,3.08,4.055,4.655
J.J. Henry,0.02748933358106459,0.6269671688293716,2.9086000000000003,-0.198,3.066,4.068,4.706
J.J. Spaun,0.027810059027973927,0.6433397669733075,2.9264,-0.264,3.05,4.044,4.632
J.T. Poston,0.02686197627439374,0.6092362805406895,2.9601999999999995,-0.29800000000000004,3.032,4.024,4.651999999999999
James Hahn,0.02804758606755199,0.6264071672824133,2.949,-0.265,3.0666666666666664,4.028333333333333,4.6499999999999995
Jamie Donaldson,0.025158895387903023,0.6009036144578314,2.949,-0.25,3.21,4.08,4.57
Jamie Lovemark,0.02600725227212973,0.5721090615046546,3.0429999999999997,-0.2833333333333334,3.11,4.013333333333333,4.6033333333333335
Jason Bohn,0.029749397480790724,0.6760294346952579,2.7643333333333335,-0.26333333333333336,3.0566666666666666,4.03,4.706666666666666
Jason Day,0.026575769857537245,0.5680508101974248,3.051571428571428,-0.32,3.014285714285714,4.001428571428571,4.574285714285714
Jason Dufner,0.029285435676940436,0.652076437253623,2.9107142857142856,-0.24285714285714285,3.0842857142857136,4.029999999999999,4.684285714285715
Jason Gore,0.030585742670410768,0.6514710636922082,2.8979999999999997,-0.265,3.0700000000000003,4.04,4.72
Jason Kokrak,0.027785559799346573,0.5896501096765058,3.0794285714285716,-0.2771428571428572,3.0342857142857147,4.027142857142857,4.619999999999999
Jeff Overton,0.0271626075546546,0.5906261086407677,2.849,-0.245,3.06,4.045,4.705
Jerry Kelly,0.029433317374887573,0.7082689501244742,2.777,-0.26,2.995,4.025,4.67
Jhonattan Vegas,0.026804573570977763,0.5800518560531918,3.0551428571428576,-0.27142857142857146,3.0728571428571425,4.034285714285714,4.595714285714286
Jim Furyk,0.030192121409742197,0.7151578525020829,2.783,-0.22999999999999998,3.0533333333333332,4.021666666666667,4.681666666666666
Jim Herman,0.028330804046303438,0.6798487515464534,2.906333333333333,-0.24166666666666667,3.0966666666666662,4.056666666666667,4.665
Jim Knous,0.026368147006423894,0.5520974289580515,2.965,-0.25,3.11,4.04,4.68
Jim Renner,0.028930302359558353,0.5743756786102063,2.833,-0.18,3.07,4.13,4.77
Jimmy Walker,0.02704252941037579,0.514661629827875,2.988857142857143,-0.27714285714285714,3.0885714285714285,4.065714285714286,4.681428571428571
Joaquin Niemann,0.028596143716910744,0.5913360617290334,3.046,-0.29000000000000004,3.0366666666666666,3.9899999999999998,4.6066666666666665
Joel Dahmen,0.029011538716462545,0.6675333342618611,2.9397499999999996,-0.28250000000000003,3.035,4.0024999999999995,4.7
Joey Garber,0.026816812884640565,0.6251572327044025,2.9389999999999996,-0.25,3.07,4.01,4.73
John Chin,0.026070391682106155,0.5814569536423841,3.0,-0.24,3.11,4.07,4.66
John Huh,0.027060029807182574,0.6625868423195114,2.8584,-0.254,3.026,4.038,4.69
John Merrick,0.028946514161956805,0.6831875607385811,2.85,-0.24,3.09,4.05,4.67
John Peterson,0.0285021394069608,0.6752136752136753,2.8810000000000002,-0.25,3.06,4.01,4.66
John Senden,0.026775605835428026,0.6333507541042445,2.8994999999999997,-0.26,3.065,4.039999999999999,4.66
Johnson Wagner,0.028101139294083772,0.6354860719669341,2.8754,-0.262,3.016,4.023999999999999,4.652
Jon Curran,0.02912033025539288,0.6590477810053186,2.727,-0.25,3.025,4.035,4.734999999999999
Jon Rahm,0.02765294045010428,0.6144032968525657,3.0738,-0.32,3.002,3.964,4.518
Jonas Blixt,0.02660904508672355,0.6055134220498861,2.8983999999999996,-0.282,3.08,4.062,4.664000000000001
Jonathan Byrd,0.027247573939216934,0.6081278973983091,2.8693333333333335,-0.25333333333333335,3.03,4.0200000000000005,4.676666666666667
Jonathan Randolph,0.026643102316344706,0.6053944349733883,2.881,-0.24666666666666667,3.0766666666666667,4.08,4.69
Jordan Spieth,0.027958027001331678,0.5739672463931645,2.969857142857143,-0.33142857142857146,3.0300000000000002,3.981428571428571,4.575714285714286
Joseph Bramlett,0.028111530568010308,0.5712415406445979,3.0445,-0.255,3.0999999999999996,4.029999999999999,4.625
Josh Teater,0.02952808963195366,0.6658127776460696,2.92,-0.2833333333333334,3.0866666666666664,4.0,4.6000000000000005
José de Jesús Rodríguez,0.026663548394172544,0.6030871003307607,2.9019999999999997,-0.29,3.06,4.01,4.66
Julián Etulain,0.02667763071313442,0.5907187337342673,2.9265,-0.25,3.085,4.045,4.66
Justin Leonard,0.029218187568715453,0.7169590643274854,2.716,-0.24,3.07,4.06,4.72
Justin Rose,0.028266123917704226,0.6101757736190253,3.017285714285715,-0.3085714285714286,3.0271428571428567,4.015714285714286,4.562857142857142
Justin Thomas,0.02856154596802158,0.569412115747178,3.0518571428571426,-0.33142857142857146,3.037142857142857,3.974285714285714,4.518571428571429
K.H. Lee,0.026974599049438136,0.6468399136303241,2.936666666666667,-0.2733333333333334,3.08,4.03,4.6499999999999995
K.J. Choi,0.028636022846814938,0.6585932232307838,2.758,-0.2475,3.0374999999999996,4.0649999999999995,4.7075
Keegan Bradley,0.028633857575859657,0.6502575028746012,3.0074285714285716,-0.26285714285714284,3.021428571428572,4.032857142857142,4.628571428571429
Keith Mitchell,0.02633282622099148,0.5844596167486062,3.0622499999999997,-0.28750000000000003,3.095,4.035,4.615
Kelly Kraft,0.027502979302186818,0.6197708880550805,2.9012499999999997,-0.265,3.0625,4.0600000000000005,4.7175
Ken Duke,0.028972407713270188,0.6690162487898802,2.775,-0.25,3.1133333333333333,4.086666666666667,4.69
Kevin Chappell,0.028290452611896506,0.6022576512255005,3.008,-0.278,3.0780000000000003,4.038,4.64
Kevin Kisner,0.028123148213484557,0.6687201492852061,2.888285714285714,-0.2785714285714286,3.0471428571428567,4.0128571428571425,4.642857142857143
Kevin Na,0.028115363342053164,0.6379143530424115,2.854285714285715,-0.2914285714285714,3.031428571428571,4.005714285714285,4.6571428571428575
Kevin Streelman,0.02833193215217442,0.6690061753061708,2.927142857142857,-0.26142857142857145,3.0714285714285716,4.011428571428572,4.6499999999999995
Kevin Tway,0.02632820703999415,0.5268812953175993,3.0678000000000005,-0.276,3.078,4.04,4.601999999999999
Kiradech Aphibarnrat,0.02703602333626205,0.6418615235819537,2.9355,-0.275,3.13,4.05,4.64
Kramer Hickok,0.027164402368939813,0.6832625587685183,2.9153333333333333,-0.24333333333333332,3.0933333333333333,4.026666666666666,4.646666666666667
Kris Ventura,0.02641969919202778,0.5863616634112954,3.0519999999999996,-0.305,3.13,4.045,4.640000000000001
Kyle Jones,0.027513167421456864,0.6862106406080347,2.84,-0.23,3.09,4.06,4.65
Kyle Reifers,0.027677613871528724,0.6400980274666878,2.8713333333333337,-0.24666666666666667,3.0799999999999996,4.036666666666666,4.68
Kyle Stanley,0.02949781425653807,0.6858009105090944,2.910666666666667,-0.25333333333333335,3.061666666666667,4.011666666666667,4.66
Kyle Thompson,0.02869466109459852,0.6298600311041991,2.853,-0.22,3.16,4.08,4.79
Lanto Griffin,0.027148279174494732,0.5648274424128028,3.0263333333333335,-0.2833333333333334,3.06,4.033333333333334,4.593333333333334
Lee Westwood,0.02636298602439903,0.6131623947803481,2.9705000000000004,-0.27,3.0949999999999998,4.035,4.73
Louis Oosthuizen,0.02868817570237168,0.6266251526855334,2.9758571428571434,-0.26857142857142857,3.058571428571429,4.018571428571429,4.640000000000001
Lucas Glover,0.028796812033943454,0.6477630797320703,2.9772857142857143,-0.26142857142857145,3.067142857142857,4.0200000000000005,4.640000000000001
Luke Donald,0.027783068330960742,0.5751273928365872,2.8112500000000002,-0.24,3.0424999999999995,4.055,4.715000000000001
Luke Guthrie,0.028240863570296607,0.5719315356010313,2.866,-0.29000000000000004,3.035,4.05,4.699999999999999
Luke List,0.027080646674051478,0.5454278903144304,3.111333333333333,-0.27666666666666667,3.063333333333333,4.045,4.555000000000001
Mackenzie Hughes,0.026342757403579737,0.582944462043028,2.9572,-0.28,3.0460000000000003,4.042,4.648
Marc Leishman,0.027159497098443584,0.5762591203957957,2.961,-0.28285714285714286,3.027142857142857,4.031428571428572,4.634285714285714
Mark Anderson,0.028547800308344053,0.6100194514734202,2.8786666666666663,-0.24,3.0199999999999996,4.036666666666666,4.696666666666666
Mark Hubbard,0.02792276684717464,0.6444682055582766,2.8234,-0.27,3.048,4.05,4.636
Mark Wilson,0.02853336076190857,0.6536536536536537,2.7695,-0.22499999999999998,3.04,4.055,4.73
Martin Flores,0.027441654602963512,0.548429877683545,2.9913333333333334,-0.25,3.033333333333333,4.05,4.670000000000001
Martin Laird,0.027688074567164732,0.6260350553800872,2.988285714285714,-0.2642857142857143,3.0357142857142856,4.027142857142858,4.635714285714285
Martin Piller,0.026619054350534944,0.5874138484432903,2.894,-0.26,3.11,4.08,4.705
Martin Trainer,0.02320162084729437,0.4948894998809233,3.0316666666666667,-0.27,3.2300000000000004,4.153333333333333,4.71
Matt Atkins,0.02579742786873145,0.5749656121045392,3.014,-0.26,3.11,4.06,4.72
Matt Every,0.02705225207283326,0.5336645452956783,2.927,-0.27,3.1525,4.125,4.695
Matt Fitzpatrick,0.026952619572434642,0.6633634350085813,2.9203333333333332,-0.3,3.08,4.033333333333333,4.61
Matt Jones,0.026172454710067666,0.5866804551045163,2.990428571428571,-0.2814285714285715,3.077142857142857,4.032857142857142,4.6
Matt Kuchar,0.027812588233102762,0.6534665641003202,2.8684285714285713,-0.2885714285714286,3.0585714285714287,3.997142857142857,4.61
Matt Wallace,0.025688396478499728,0.5646134525851507,3.0004999999999997,-0.275,3.115,4.075,4.62
Matthew NeSmith,0.0279542080340333,0.6461636501802002,2.9545,-0.26,3.05,4.015000000000001,4.609999999999999
Matthew Wolff,0.027019085353326977,0.5501061019990524,3.1375,-0.31,3.09,4.039999999999999,4.609999999999999
Maverick McNealy,0.02735344313258919,0.5935468084223341,2.9765,-0.3,3.03,4.0,4.625
Max Homa,0.027522939553523088,0.5782698413887897,2.9894999999999996,-0.28750000000000003,3.05,4.0625,4.6125
Michael Gellerman,0.029765535014111097,0.6423937076371018,2.928,-0.24,3.0300000000000002,4.0600000000000005,4.725
Michael Gligic,0.027244601328855686,0.5912242466975413,2.987,-0.255,3.0949999999999998,4.045,4.619999999999999
Michael Kim,0.02709936470253855,0.5505442777668274,2.8726000000000003,-0.254,3.07,4.092,4.732
Michael Putnam,0.02852303918705834,0.6147332768839966,2.888,-0.22,3.01,4.06,4.68
Michael Thompson,0.027757608140039917,0.640163287324313,2.8954285714285715,-0.26571428571428574,3.0371428571428574,4.045714285714285,4.658571428571428
Miguel Angel Carballo,0.027309465738548363,0.6361355081555834,2.8810000000000002,-0.25,3.06,4.1,4.72
Morgan Hoffmann,0.026648199354179915,0.5767273969261061,2.948,-0.29,3.1199999999999997,4.05,4.633333333333334
Nate Lashley,0.028210192197265095,0.6240504150700604,2.90725,-0.2625,3.0524999999999998,4.0325,4.6175
Nelson Ledesma,0.027195196074709087,0.5511881558219636,2.9319999999999995,-0.275,3.12,4.075,4.665
Nicholas Lindheim,0.02765649850698943,0.5831513111564675,2.9030000000000005,-0.255,2.995,4.07,4.745
Nicholas Thompson,0.03034592907183564,0.6870292887029289,2.86,-0.25,3.05,4.05,4.76
Nick Taylor,0.02715353679511157,0.6081348442813931,2.936428571428572,-0.27142857142857146,3.055714285714285,4.032857142857144,4.635714285714286
Nick Watney,0.028890062264230198,0.5656862058587682,3.0095000000000005,-0.26,3.0500000000000003,4.038333333333333,4.665
Ollie Schniederjans,0.02713256905853492,0.5086292750981859,3.028333333333333,-0.30000000000000004,3.0666666666666664,4.043333333333334,4.636666666666667
Oscar Fraustro,0.0279352745166953,0.6178428761651131,2.895,-0.26,3.1,4.08,4.73
Padraig Harrington,0.026134825617699586,0.5618911399349504,2.9005,-0.255,3.105,4.07,4.725
Pat Perez,0.028088656817634606,0.638071556408914,2.891666666666667,-0.27999999999999997,3.035,4.015,4.631666666666667
Patrick Cantlay,0.0276455314691189,0.6009101707491942,3.0252000000000003,-0.30400000000000005,3.032,3.9799999999999995,4.532
Patrick Reed,0.026754338163218032,0.5748896399117874,2.954571428571429,-0.31285714285714283,3.0542857142857143,3.9957142857142856,4.5928571428571425
Patrick Rodgers,0.026172905038337278,0.5614536910139878,3.0471428571428576,-0.27571428571428575,3.0728571428571425,4.035714285714286,4.638571428571429
Patton Kizzire,0.02772906162553292,0.5602255838545473,2.956,-0.2916666666666667,3.035,4.043333333333334,4.658333333333333
Paul Casey,0.02890513162919755,0.64225953940336,3.0061428571428572,-0.27285714285714285,3.044285714285714,3.9971428571428578,4.581428571428572
Peter Malnati,0.02756092599536186,0.5771393610129109,2.8720000000000003,-0.29000000000000004,3.043333333333333,4.038333333333333,4.691666666666666
Peter Uihlein,0.02661842619407792,0.5029916045010356,3.0050000000000003,-0.2866666666666667,3.0666666666666664,4.016666666666667,4.623333333333334
Phil Mickelson,0.02718473953587301,0.5400047109976572,2.998142857142857,-0.3085714285714286,3.064285714285714,4.04,4.631428571428572
Rafa Cabrera Bello,0.027027356004519904,0.6415251128973576,2.9162,-0.276,3.076,4.029999999999999,4.694
Rafael Campos,0.025770872550839145,0.5763723150357996,2.9989999999999997,-0.27,3.14,4.06,4.66
Retief Goosen,0.027204483696252314,0.564947207820887,2.9234999999999998,-0.26,3.0349999999999997,4.069999999999999,4.7425
Rhein Gibson,0.02666869983050496,0.5256882326069134,2.955,-0.25666666666666665,3.0500000000000003,4.08,4.726666666666667
Richy Werenski,0.027635530131923807,0.6222463734417565,2.9372,-0.276,3.03,4.034,4.656000000000001
Rick Lamb,0.029097753666349292,0.648068669527897,2.98,-0.26,3.09,4.09,4.66
Rickie Fowler,0.0280548046648969,0.6242098425455777,2.9907142857142857,-0.3042857142857143,3.02,4.002857142857143,4.59857142857143
Ricky Barnes,0.02745003555703125,0.5246112027721763,2.866,-0.2925,3.0075000000000003,4.0625,4.67
Rob Oppenheim,0.028275738519573525,0.5977310643637279,2.837,-0.2575,3.0524999999999998,4.06,4.6625000000000005
Robby Shelton,0.02676595660158821,0.5849568738596453,2.9515000000000002,-0.265,3.09,4.0649999999999995,4.665
Robert Allenby,0.028769393612436772,0.5905907409177168,2.8245,-0.195,3.12,4.13,4.805
Robert Garrigus,0.028743287652696597,0.566305188461097,3.034,-0.27,3.0425,4.0475,4.68
Robert Streb,0.027202899635289667,0.5799966303266019,2.9334285714285713,-0.26,3.045714285714286,4.048571428571429,4.678571428571429
Roberto Castro,0.02911617226487595,0.6724420153534382,2.8207500000000003,-0.2425,3.0725000000000002,4.045,4.6625
Roberto Díaz,0.026730153808364222,0.6552096949416433,2.8685,-0.255,3.08,4.039999999999999,4.66
Rod Pampling,0.026765061508032206,0.6280639699461863,2.87575,-0.2225,3.0875,4.085,4.76
Roger Sloan,0.0278820702080694,0.6032979594032807,2.9417500000000003,-0.2725,3.075,4.0375,4.655
Rory McIlroy,0.02790707764508962,0.5790550716896262,3.1508333333333334,-0.32500000000000007,3.0400000000000005,3.986666666666667,4.5249999999999995
Rory Sabbatini,0.027409102460256258,0.6274365928328842,2.889,-0.27142857142857146,3.065714285714286,4.025714285714285,4.6257142857142854
Russell Henley,0.02877207072511873,0.6618209785739396,2.930428571428571,-0.2642857142857143,3.03,4.004285714285714,4.655714285714285
Russell Knox,0.029789214082913722,0.6655242851285799,2.896,-0.24714285714285714,3.0385714285714287,4.01,4.672857142857143
Ryan Armour,0.029644988914201392,0.7335491820225916,2.8126000000000007,-0.262,3.0160000000000005,4.014,4.654000000000001
Ryan Blaum,0.026703320864460284,0.6258214284323822,2.874333333333333,-0.2733333333333334,3.0366666666666666,4.036666666666666,4.653333333333333
Ryan Brehm,0.02656372078240557,0.5084642147696811,3.127666666666667,-0.26,3.0666666666666664,4.066666666666666,4.6066666666666665
Ryan Moore,0.02897776782337508,0.7009404416137374,2.8585,-0.2833333333333334,3.0416666666666665,4.008333333333333,4.651666666666667
Ryan Palmer,0.02853735611144444,0.5886513570008215,3.0297142857142854,-0.2857142857142857,3.077142857142857,4.022857142857143,4.590000000000001
Ryo Ishikawa,0.02811219730261707,0.5415519183826751,2.8899999999999997,-0.27,3.0949999999999998,4.05,4.73
Sam Burns,0.0270943989513025,0.5695872763370818,3.081666666666667,-0.32666666666666666,3.09,4.003333333333334,4.546666666666667
Sam Ryder,0.028280868525576666,0.6339548574602839,2.9652499999999997,-0.2775,3.03,4.0125,4.635
Sam Saunders,0.02797297164855017,0.610299315166624,2.9625999999999997,-0.272,3.054,4.055999999999999,4.658
Sangmoon Bae,0.026615003622315263,0.6075827979111998,2.9314999999999998,-0.27,3.065,4.06,4.655
Satoshi Kodaira,0.02743814998063086,0.6760198054694295,2.873666666666667,-0.24666666666666667,3.1133333333333333,4.073333333333333,4.760000000000001
Scott Brown,0.02727350701798174,0.6393415371422518,2.9055714285714282,-0.27,3.0500000000000003,4.045714285714286,4.672857142857143
Scott Harrington,0.026484352093065617,0.5897090972646032,3.0645000000000002,-0.265,3.1,4.07,4.665
Scott Langley,0.027362627138697717,0.6524657999264981,2.7916666666666665,-0.26,3.043333333333333,4.0633333333333335,4.656666666666666
Scott Piercy,0.02811372192103909,0.6205035764889912,2.964142857142857,-0.27142857142857146,3.048571428571429,4.027142857142858,4.638571428571429
Scott Pinckney,0.027454521190967553,0.6199742523271936,2.9355,-0.255,3.0599999999999996,4.05,4.6850000000000005
Scott Stallings,0.027905535203349062,0.5769201130254478,2.9665714285714286,-0.2642857142857143,3.0471428571428576,4.035714285714286,4.652857142857143
Scottie Scheffler,0.027828179865395205,0.6236333493414532,3.0694999999999997,-0.325,3.045,3.965,4.55
Seamus Power,0.027520773825601773,0.5717975317834573,2.9924000000000004,-0.28400000000000003,3.052,4.013999999999999,4.596
Sean O'Hair,0.02678891011340362,0.6051415627894279,2.9923999999999995,-0.264,3.0799999999999996,4.037999999999999,4.66
Sebastian Cappelen,0.026670183052021103,0.5150193122062451,3.015,-0.27,3.1399999999999997,4.07,4.705
Sebastián Muñoz,0.02731314829400156,0.5940862737460406,2.9865,-0.29250000000000004,3.0424999999999995,4.0225,4.625
Sepp Straka,0.027912454761520277,0.6057476570187902,3.034333333333333,-0.29000000000000004,3.0566666666666666,4.013333333333333,4.626666666666666
Sergio Garcia,0.026975999750063234,0.6069689557058074,3.0325,-0.27666666666666667,3.07,4.010000000000001,4.590000000000001
Seth Reeves,0.025500730367419015,0.5721925133689839,3.114,-0.27,3.14,4.07,4.57
Seung-Yul Noh,0.027312590527332866,0.5235850187396788,2.955,-0.2733333333333334,3.0533333333333332,4.056666666666666,4.66
Shane Lowry,0.028262512049153598,0.619501357274124,2.9896000000000003,-0.254,3.066,4.040000000000001,4.6819999999999995
Shawn Stefani,0.02831017851569591,0.5987957860215566,2.9558,-0.26,3.048,4.0280000000000005,4.642
Si Woo Kim,0.026881403028639717,0.6054062818425557,2.934833333333333,-0.28500000000000003,3.0833333333333335,4.035,4.655
Smylie Kaufman,0.02768172033673201,0.5385287980171054,3.019,-0.28500000000000003,3.0700000000000003,4.0649999999999995,4.645
Spencer Levin,0.028331408577269956,0.6823145317651039,2.813333333333334,-0.24,3.043333333333333,4.036666666666666,4.703333333333333
Stephan Jaeger,0.02622215533887325,0.5914590163142928,2.9645,-0.26,3.065,4.05,4.575
Steve Marino,0.026790421291675158,0.5846477392218717,2.92,-0.25,3.11,4.04,4.76
Steve Stricker,0.028439135805760702,0.6322930800542741,2.78,-0.29,3.03,4.01,4.63
Steve Wheatcroft,0.027061786743429055,0.6534595658423198,2.85975,-0.2675,3.08,4.0475,4.6775
Steven Alker,0.02980053271563121,0.6947418657571593,2.776,-0.25,3.0149999999999997,4.045,4.695
Steven Bowditch,0.025712113655972018,0.47476500074022016,2.927666666666667,-0.24333333333333332,3.1366666666666667,4.16,4.823333333333333
Stewart Cink,0.028740949563974914,0.5688065431930607,2.979333333333333,-0.26333333333333336,3.033333333333333,4.02,4.6499999999999995
Stuart Appleby,0.028099376006365268,0.6224066390041494,2.827,-0.27,3.06,4.04,4.64
Sung Joon Park,0.02772144423229226,0.6573033707865169,2.8369999999999997,-0.21,3.03,4.09,4.7
Sung Kang,0.026562086125728218,0.5792964121454293,2.964166666666666,-0.26833333333333337,3.0866666666666664,4.071666666666666,4.668333333333334
Sungjae Im,0.027691644721250148,0.6635056398646061,2.978333333333333,-0.31,3.033333333333333,3.986666666666667,4.54
Søren Kjeldsen,0.027076462175059404,0.6920821114369502,2.736,-0.26,3.13,4.09,4.74
Tag Ridings,0.028369170983094938,0.5818181818181818,3.016,-0.29,3.02,4.02,4.71
Talor Gooch,0.02757369775181239,0.5862415148613205,2.9839999999999995,-0.28500000000000003,3.0324999999999998,4.0225,4.619999999999999
Ted Potter Jr.,0.02881087074859413,0.6194505376438233,2.8649999999999998,-0.2625,3.12,4.05,4.6925
Thomas Aiken,0.029012737505818627,0.7236126224156693,2.905,-0.21,3.06,4.05,4.67
Tiger Woods,0.02911690229278356,0.5934873949579832,3.036,-0.3,3.07,3.97,4.57
Tim Wilkinson,0.02931336379586494,0.6484962686262165,2.8065,-0.2625,3.0425,4.0275,4.702500000000001
Tom Hoge,0.0293118191368882,0.5988069118247941,2.8974285714285712,-0.2771428571428572,3.045714285714286,4.035714285714286,4.678571428571429
Tom Lewis,0.026755349726805315,0.573608617594255,3.025,-0.24,3.11,4.07,4.66
Tom Lovelady,0.027027522132384848,0.5473032714412025,3.159,-0.29,3.1,4.06,4.57
Tommy Fleetwood,0.02601375538807425,0.6202671237840015,3.04,-0.28,3.0475,4.0025,4.6375
Tony Finau,0.027487339078837967,0.5491762718316818,3.1004285714285715,-0.3071428571428571,3.0471428571428567,3.9985714285714287,4.561428571428571
Trey Mullinax,0.027283681049323587,0.535201230553537,3.1270000000000002,-0.2833333333333334,3.0833333333333335,4.033333333333332,4.623333333333333
Troy Merritt,0.02782999709761122,0.6293292877767135,2.904285714285714,-0.2785714285714286,3.0371428571428574,4.035714285714286,4.675714285714286
Tyler Aldridge,0.02888138775068142,0.5794732061762035,2.852,-0.24,3.05,4.06,4.72
Tyler Duncan,0.028013479251479467,0.6844097102624793,2.89725,-0.25,3.05,4.050000000000001,4.6625
Tyler McCumber,0.027437354014165225,0.5627466573674005,3.098,-0.26,3.09,4.0600000000000005,4.635
Tyrone Van Aswegen,0.02883944097652042,0.5576735701758246,2.8777500000000003,-0.2525,3.0225,4.0575,4.7275
Tyrrell Hatton,0.028350396305183937,0.6238880650529941,2.99,-0.29250000000000004,3.0500000000000003,3.9975,4.65
Vaughn Taylor,0.02996733130191251,0.6698939462065757,2.830666666666667,-0.2866666666666667,3.0366666666666666,4.025,4.673333333333334
Vijay Singh,0.027617408456797242,0.5839258056090033,2.902,-0.25,3.045,4.07,4.66
Viktor Hovland,0.028963468009114514,0.6355219562706867,3.0075000000000003,-0.315,3.04,3.9850000000000003,4.57
Vincent Whaley,0.02585557161581783,0.5741601360792176,2.9875,-0.28500000000000003,3.085,4.029999999999999,4.6
Webb Simpson,0.029128257623807274,0.6569014719419154,2.904571428571429,-0.2957142857142857,3.0157142857142856,3.9728571428571433,4.572857142857143
Wes Roach,0.02790860955586139,0.631826299643098,2.9309999999999996,-0.27666666666666667,3.0400000000000005,4.046666666666667,4.63
Wesley Bryan,0.028749619729379165,0.566440142434425,2.801,-0.275,3.045,4.055,4.74
Whee Kim,0.02795916081578112,0.6048478290166914,2.8602,-0.26,3.04,4.0600000000000005,4.691999999999999
Will Gordon,0.02794962079340617,0.5624818229409028,3.1189999999999998,-0.28,3.02,4.029999999999999,4.615
Will MacKenzie,0.02838430571411404,0.6080717488789238,2.8560000000000003,-0.23,3.08,4.04,4.78
Will Wilcox,0.028834144382856943,0.6416048689691849,2.9475,-0.28,3.055,3.995,4.665
Will Zalatoris,0.027597770426428605,0.5640394088669951,3.074,-0.28,3.03,4.0,4.53
William McGirt,0.027991795023253527,0.6574988684727531,2.85625,-0.245,3.0575,4.0175,4.685
Wyndham Clark,0.024883592580800116,0.5186791639095626,3.1050000000000004,-0.3133333333333333,3.08,4.05,4.546666666666667
Xander Schauffele,0.02687268369303967,0.5960382432779552,3.0576000000000003,-0.31,3.0539999999999994,3.992,4.5280000000000005
Xinjun Zhang,0.026672562853381595,0.6113033134530885,2.9473333333333334,-0.26333333333333336,3.0566666666666666,4.0633333333333335,4.666666666666667
Zac Blair,0.02798242574841544,0.6657063459206858,2.763,-0.252,3.04,4.04,4.696
Zach Johnson,0.02853979685453664,0.6567171899625118,2.859714285714286,-0.2771428571428572,3.025714285714286,4.008571428571429,4.664285714285714
Zack Sucher,0.026787954830614805,0.532803180914513,3.016,-0.26,3.05,4.04,4.7
Zecheng Dou,0.026864798244320674,0.5475841874084919,2.9189999999999996,-0.21,3.1,4.13,4.8
Ángel Cabrera,0.02655769527226847,0.5698131972671452,2.9715,-0.245,3.09,4.115,4.705
