PLAYER NAME,WINS,CUTS,TOP10,EVNTS,RNDS,MISS CUTS,SCORE,DDIS,DACC,GIR,PUTTS
Aaron Baddeley,1.0,69.0,11.0,115.0,380.0,-46.0,70.68333333333334,241.4,46.73333333333333,53.03333333333333,1.4558333333333333
Aaron Wise,1.0,59.0,11.0,100.0,308.0,-41.0,70.3,201.26666666666665,40.833333333333336,46.633333333333326,1.1746666666666667
Abraham Ancer,1.0,86.0,22.0,123.0,404.0,-37.0,70.2,235.46000000000004,53.86,53.92,1.3984
Adam Hadwin,1.0,113.0,22.0,150.0,515.0,-37.0,70.5,243.21666666666667,54.01666666666666,55.21666666666666,1.4648333333333332
Adam Long,1.0,43.0,7.0,82.0,248.0,-39.0,70.76666666666667,290.8666666666667,65.46666666666667,65.33333333333333,1.768
Adam Schenk,0.0,71.0,6.0,92.0,356.0,-21.0,70.32499999999999,301.95,60.55,68.25,1.7799999999999998
Adam Scott,3.0,91.0,28.0,104.0,383.0,-13.0,70.18333333333335,254.16666666666666,48.31666666666666,56.68333333333334,1.4676666666666665
Adam Svensson,0.0,11.0,0.0,0.0,67.0,11.0,70.2,289.8,65.2,69.4,1.784
Alex Cejka,0.0,60.0,7.0,79.0,291.0,-19.0,58.86666666666667,141.13333333333335,33.48333333333333,32.3,0.8936666666666667
Alex Noren,0.0,71.0,13.0,75.0,308.0,-4.0,70.85000000000001,199.03333333333333,40.083333333333336,43.03333333333334,1.1741666666666666
Alex Prugh,0.0,19.0,0.0,13.0,106.0,6.0,70.6,151.85,32.05,35.7,0.902
Alexander Levy,0.0,1.0,0.0,4.0,10.0,-3.0,74.1,0.0,0.0,0.0,0.0
Anders Albertson,0.0,10.0,1.0,25.0,64.0,-15.0,70.7,293.2,60.1,67.7,1.806
Andres Gonzales,0.0,25.0,2.0,52.0,148.0,-27.0,70.4,149.6,27.9,33.85,0.89
Andres Romero,0.0,20.0,2.0,37.0,86.0,-17.0,42.62,0.0,0.0,0.0,0.0
Andrew Dodt,0.0,2.0,0.0,2.0,8.0,0.0,71.9,0.0,0.0,0.0,0.0
Andrew Johnston,0.0,12.0,2.0,19.0,54.0,-7.0,47.833333333333336,0.0,0.0,0.0,0.0
Andrew Landry,2.0,60.0,9.0,115.0,332.0,-55.0,70.78,231.6,53.4,52.14,1.4068
Andrew Loupe,0.0,17.0,5.0,48.0,127.0,-31.0,72.0,155.65,22.95,29.9,0.901
Andrew Putnam,1.0,63.0,13.0,99.0,300.0,-36.0,70.55000000000001,284.25,59.9,66.57499999999999,1.754
Andrew Yun,0.0,3.0,0.0,22.0,45.0,-19.0,73.0,290.6,53.6,61.9,1.808
Andy Sullivan,0.0,15.0,0.0,18.0,58.0,-3.0,71.9,0.0,0.0,0.0,0.0
Angel Cabrera,0.0,16.0,1.0,43.0,100.0,-27.0,44.12,0.0,0.0,0.0,0.0
Anirban Lahiri,0.0,78.0,12.0,112.0,395.0,-34.0,70.75,245.66666666666666,49.71666666666667,53.96666666666666,1.4548333333333332
Arjun Atwal,0.0,11.0,0.0,14.0,47.0,-3.0,35.474999999999994,71.625,16.625,16.625,0.4515
Ashun Wu,0.0,2.0,0.0,2.0,8.0,0.0,71.5,0.0,0.0,0.0,0.0
Austin Connelly,0.0,1.0,0.0,1.0,4.0,0.0,69.5,0.0,0.0,0.0,0.0
Austin Cook,1.0,58.0,6.0,81.0,303.0,-23.0,70.475,291.575,67.325,66.225,1.764
Bart Bryant,0.0,0.0,0.0,0.0,0.0,0.0,0.0,0.0,0.0,0.0,0.0
Beau Hossler,0.0,74.0,7.0,88.0,367.0,-14.0,70.88,242.21999999999997,45.98,53.08,1.4018000000000002
Ben Crane,0.0,50.0,4.0,88.0,275.0,-38.0,58.73333333333333,93.26666666666667,22.583333333333332,21.76666666666667,0.59
Ben Martin,0.0,59.0,5.0,93.0,318.0,-34.0,70.76000000000002,231.45999999999998,51.7,52.720000000000006,1.4158
Ben Silverman,0.0,28.0,2.0,28.0,152.0,0.0,70.80000000000001,288.7,66.8,65.7,1.77
Ben Taylor,0.0,14.0,0.0,19.0,92.0,-5.0,70.85,295.4,55.45,67.55000000000001,1.7854999999999999
Bernd Wiesberger,0.0,15.0,0.0,21.0,64.0,-6.0,71.95,0.0,0.0,0.0,0.0
Bernhard Langer,0.0,4.0,0.0,6.0,16.0,-2.0,43.260000000000005,0.0,0.0,0.0,0.0
Bill Haas,0.0,81.0,13.0,117.0,398.0,-36.0,70.71666666666667,245.13333333333333,49.36666666666667,55.43333333333334,1.4974999999999998
Bill Lunde,0.0,2.0,1.0,8.0,18.0,-6.0,71.3,0.0,0.0,0.0,0.0
Billy Andrade,0.0,0.0,0.0,0.0,0.0,0.0,0.0,0.0,0.0,0.0,0.0
Billy Horschel,3.0,113.0,31.0,148.0,496.0,-35.0,70.3,246.8833333333333,53.51666666666667,56.65,1.4701666666666666
Billy Hurley III,1.0,44.0,4.0,85.0,244.0,-41.0,71.125,140.225,29.950000000000003,31.65,0.88625
Blayne Barber,0.0,39.0,2.0,74.0,219.0,-35.0,70.3,195.29999999999998,42.1,45.86666666666667,1.181
Bo Hoag,0.0,29.0,1.0,54.0,154.0,-25.0,70.4,292.7,63.55,69.85,1.7845
Bo Van Pelt,0.0,16.0,1.0,28.0,115.0,-12.0,72.05000000000001,292.45,60.1,65.05,1.8054999999999999
Bob Estes,0.0,4.0,0.0,23.0,37.0,-19.0,17.95,0.0,0.0,0.0,0.0
Bobby Wyatt,0.0,3.0,1.0,6.0,16.0,-3.0,70.4,0.0,0.0,0.0,0.0
Boo Weekley,0.0,33.0,3.0,53.0,198.0,-20.0,70.125,72.475,17.925,17.15,0.4575
Brad Adamonis,0.0,1.0,0.0,0.0,0.0,1.0,0.0,0.0,0.0,0.0,0.0
Brad Faxon,0.0,0.0,0.0,0.0,0.0,0.0,0.0,0.0,0.0,0.0,0.0
Brad Fritsch,0.0,9.0,0.0,18.0,52.0,-9.0,71.5,288.3,56.4,64.2,1.8
Bradley Dredge,0.0,1.0,0.0,2.0,6.0,-1.0,72.8,0.0,0.0,0.0,0.0
Brady Schnell,0.0,6.0,0.0,0.0,51.0,6.0,71.1,283.3,67.5,64.5,1.76
Brandel Chamblee,0.0,0.0,0.0,0.0,0.0,0.0,0.0,0.0,0.0,0.0,0.0
Branden Grace,2.0,85.0,17.0,121.0,377.0,-36.0,70.71666666666667,246.1833333333333,48.4,55.416666666666664,1.4841666666666669
Brandon Hagy,0.0,39.0,4.0,57.0,226.0,-18.0,56.82000000000001,187.42000000000002,30.860000000000003,39.019999999999996,1.068
Brandon Harkins,0.0,38.0,4.0,58.0,178.0,-20.0,70.55000000000001,303.70000000000005,55.9,66.7,1.7440000000000002
Brandon Stone,0.0,3.0,0.0,6.0,19.0,-3.0,73.4,0.0,0.0,0.0,0.0
Brandt Snedeker,2.0,100.0,24.0,138.0,457.0,-38.0,70.2,239.5,52.58333333333334,54.56666666666666,1.4538333333333335
Brendan Steele,2.0,97.0,14.0,116.0,438.0,-19.0,70.64999999999999,252.6833333333333,52.333333333333336,56.666666666666664,1.4925
Brendon Todd,2.0,47.0,7.0,82.0,268.0,-35.0,70.675,139.475,36.650000000000006,32.6,0.8685
Brendon de Jonge,0.0,20.0,1.0,58.0,134.0,-38.0,57.760000000000005,0.0,0.0,0.0,0.0
Brett Coletta,0.0,1.0,0.0,3.0,9.0,-2.0,72.4,0.0,0.0,0.0,0.0
Brett Drewitt,0.0,8.0,0.0,19.0,53.0,-11.0,71.6,286.4,60.7,64.8,1.803
Brett Stegmaier,0.0,40.0,3.0,77.0,223.0,-37.0,70.7,194.69999999999996,41.03333333333333,45.666666666666664,1.1906666666666668
Brian Campbell,0.0,7.0,0.0,20.0,52.0,-13.0,70.0,296.0,58.2,63.3,1.75
Brian Davis,0.0,7.0,0.0,12.0,23.0,-5.0,48.56666666666666,0.0,0.0,0.0,0.0
Brian Gay,1.0,78.0,15.0,146.0,435.0,-68.0,70.88333333333334,235.29999999999998,54.25,52.98333333333333,1.4553333333333331
Brian Harman,1.0,121.0,27.0,165.0,561.0,-44.0,70.21666666666665,242.48333333333335,54.71666666666667,54.26666666666666,1.453
Brian Stuard,1.0,103.0,12.0,172.0,529.0,-69.0,70.64999999999999,231.23333333333335,59.81666666666667,54.51666666666667,1.4626666666666666
Brice Garnett,1.0,69.0,9.0,104.0,371.0,-35.0,70.28,232.56,54.220000000000006,54.86,1.4152
Bronson Burgoon,0.0,57.0,5.0,116.0,328.0,-59.0,70.46,238.46000000000004,50.12,54.34000000000001,1.4116
Brooks Koepka,7.0,93.0,39.0,116.0,393.0,-23.0,69.73333333333333,258.5333333333333,47.46666666666667,56.1,1.4498333333333333
Bryce Molder,0.0,25.0,5.0,52.0,152.0,-27.0,71.15,138.5,28.8,30.9,0.889
Bryson DeChambeau,8.0,94.0,35.0,129.0,435.0,-35.0,69.83333333333333,258.90000000000003,49.51666666666667,56.18333333333333,1.4569999999999999
Bubba Watson,4.0,93.0,25.0,126.0,404.0,-33.0,70.58333333333333,257.68333333333334,48.949999999999996,55.599999999999994,1.4915
Bud Cauley,0.0,67.0,14.0,106.0,332.0,-39.0,58.31666666666666,195.86666666666665,40.53333333333333,44.083333333333336,1.1708333333333332
Byeong Hun An,0.0,95.0,18.0,133.0,436.0,-38.0,70.7,253.9333333333333,46.949999999999996,54.800000000000004,1.4831666666666665
C.T. Pan,1.0,77.0,9.0,111.0,403.0,-34.0,70.54,289.64,63.879999999999995,67.14,1.7835999999999999
Cam Davis,1.0,46.0,5.0,47.0,228.0,-1.0,69.57499999999999,231.5,43.225,50.849999999999994,1.3225
Cameron Beckman,0.0,3.0,0.0,18.0,31.0,-15.0,55.75,0.0,0.0,0.0,0.0
Cameron Champ,3.0,43.0,7.0,72.0,221.0,-29.0,70.83333333333333,319.0,56.86666666666667,67.66666666666667,1.781
Cameron Percy,0.0,58.0,6.0,98.0,283.0,-40.0,70.17999999999999,233.96000000000004,49.36,56.339999999999996,1.424
Cameron Smith,3.0,96.0,24.0,140.0,449.0,-44.0,70.53333333333333,247.15,47.73333333333333,53.300000000000004,1.4438333333333333
Cameron Tringale,0.0,88.0,11.0,145.0,444.0,-57.0,70.43333333333334,244.41666666666666,47.65,56.15,1.4728333333333332
Camilo Villegas,0.0,49.0,4.0,92.0,228.0,-43.0,53.15,145.3,27.7,31.875,0.877
Carl Pettersson,0.0,12.0,0.0,49.0,118.0,-37.0,53.35,70.05,12.975,14.475,0.437
Carlos Franco,0.0,1.0,0.0,0.0,6.0,1.0,36.1,0.0,0.0,0.0,0.0
Carlos Ortiz,1.0,57.0,9.0,107.0,321.0,-50.0,70.625,226.075,44.525,50.375,1.319
Chad Campbell,0.0,57.0,9.0,94.0,314.0,-37.0,59.150000000000006,95.35000000000001,21.983333333333334,22.433333333333334,0.6015
Chad Collins,0.0,21.0,3.0,52.0,175.0,-31.0,70.96666666666668,93.8,19.766666666666666,20.3,0.593
Chan Kim,0.0,1.0,0.0,2.0,6.0,-1.0,71.2,0.0,0.0,0.0,0.0
Charl Schwartzel,1.0,72.0,17.0,109.0,340.0,-37.0,70.96666666666667,150.26666666666668,27.883333333333336,31.633333333333336,0.8891666666666667
Charles Howell III,1.0,114.0,23.0,144.0,503.0,-30.0,70.10000000000001,249.88333333333335,49.23333333333334,57.13333333333333,1.4814999999999998
Charley Hoffman,1.0,110.0,16.0,155.0,504.0,-45.0,70.60000000000001,249.46666666666667,48.18333333333334,55.96666666666666,1.4591666666666667
Charlie Beljan,0.0,6.0,0.0,15.0,12.0,-9.0,23.766666666666666,0.0,0.0,0.0,0.0
Charlie Danielson,0.0,2.0,0.0,4.0,10.0,-2.0,72.1,0.0,0.0,0.0,0.0
Charlie Wi,0.0,5.0,0.0,12.0,19.0,-7.0,47.666666666666664,0.0,0.0,0.0,0.0
Chase Koepka,0.0,0.0,1.0,2.0,2.0,-2.0,74.5,0.0,0.0,0.0,0.0
Chase Seiffert,0.0,25.0,2.0,46.0,132.0,-21.0,70.55,291.1,63.85,67.4,1.7690000000000001
Chase Wright,0.0,11.0,2.0,26.0,69.0,-15.0,70.3,299.1,62.6,68.0,1.754
Chesson Hadley,0.0,76.0,11.0,118.0,403.0,-42.0,70.58333333333333,198.51666666666665,40.483333333333334,44.51666666666667,1.1693333333333333
Chez Reavie,1.0,110.0,18.0,163.0,520.0,-53.0,70.26666666666667,237.5,60.51666666666667,56.366666666666674,1.4703333333333335
Ching Huang,0.0,0.0,0.0,1.0,0.0,-1.0,0.0,0.0,0.0,0.0,0.0
Chris Baker,0.0,18.0,0.0,22.0,103.0,-4.0,70.85,290.7,67.8,67.9,1.8115
Chris Couch,0.0,5.0,0.0,5.0,18.0,0.0,47.166666666666664,0.0,0.0,0.0,0.0
Chris DiMarco,0.0,0.0,0.0,0.0,0.0,0.0,0.0,0.0,0.0,0.0,0.0
Chris Kirk,0.0,88.0,14.0,111.0,439.0,-23.0,70.31666666666666,144.78333333333333,31.983333333333334,33.86666666666667,0.8756666666666667
Chris Stroud,0.0,56.0,8.0,102.0,320.0,-46.0,70.88000000000001,230.67999999999998,49.11999999999999,51.339999999999996,1.4036000000000002
Chris Thompson,0.0,4.0,0.0,0.0,46.0,4.0,71.7,0.0,0.0,0.0,0.0
Chris Wood,0.0,13.0,0.0,17.0,51.0,-4.0,70.5,0.0,0.0,0.0,0.0
Clark Dennis,0.0,0.0,0.0,0.0,0.0,0.0,0.0,0.0,0.0,0.0,0.0
Cody Gribble,1.0,32.0,2.0,53.0,209.0,-21.0,71.26666666666667,298.4666666666667,54.6,62.26666666666667,1.7496666666666665
Collin Morikawa,5.0,48.0,18.0,53.0,190.0,-5.0,69.3,197.5,45.03333333333333,46.6,1.1596666666666666
Colt Knost,0.0,25.0,2.0,36.0,110.0,-11.0,47.26666666666667,0.0,0.0,0.0,0.0
Conrad Shindler,0.0,9.0,0.0,20.0,56.0,-11.0,70.6,291.3,65.8,66.3,1.781
Corey Conners,1.0,76.0,14.0,107.0,357.0,-31.0,70.15,298.67499999999995,66.80000000000001,71.175,1.78325
Craig Barlow,0.0,2.0,0.0,3.0,7.0,-1.0,36.15,0.0,0.0,0.0,0.0
Craig Bowden,0.0,0.0,0.0,0.0,0.0,0.0,0.0,0.0,0.0,0.0,0.0
Curtis Luck,0.0,16.0,2.0,35.0,93.0,-19.0,71.65,144.7,27.95,31.2,0.871
D.A. Points,1.0,32.0,2.0,83.0,213.0,-51.0,57.46,111.78000000000002,25.259999999999998,25.4,0.7114
D.H. Lee,0.0,7.0,0.0,22.0,57.0,-15.0,72.8,0.0,0.0,0.0,0.0
D.J. Trahan,0.0,36.0,5.0,77.0,187.0,-41.0,56.52,117.9,24.34,26.76,0.7192000000000001
Dan Forsman,0.0,0.0,0.0,0.0,0.0,0.0,0.0,0.0,0.0,0.0,0.0
Daniel Berger,4.0,111.0,28.0,135.0,467.0,-24.0,69.58333333333333,248.75,53.25,56.03333333333333,1.4618333333333335
Daniel Chopra,0.0,6.0,0.0,6.0,30.0,0.0,47.96666666666666,0.0,0.0,0.0,0.0
Daniel Summerhays,0.0,46.0,4.0,76.0,239.0,-30.0,71.26666666666667,191.4,39.46666666666667,40.06666666666666,1.1703333333333334
Daniel van Tonder,0.0,1.0,0.0,1.0,4.0,0.0,73.8,0.0,0.0,0.0,0.0
Danny Chia,0.0,2.0,0.0,2.0,8.0,0.0,72.0,0.0,0.0,0.0,0.0
Danny Lee,0.0,89.0,15.0,163.0,476.0,-74.0,70.58333333333333,247.26666666666665,49.800000000000004,54.71666666666666,1.4626666666666666
Danny Willett,1.0,42.0,8.0,68.0,206.0,-26.0,71.92,177.77999999999997,35.0,37.86,1.0592
Darren Clarke,0.0,1.0,0.0,4.0,12.0,-3.0,29.4,0.0,0.0,0.0,0.0
Darron Stiles,0.0,4.0,0.0,17.0,42.0,-13.0,72.3,0.0,0.0,0.0,0.0
David Berganio Jr,0.0,0.0,0.0,0.0,2.0,0.0,25.0,0.0,0.0,0.0,0.0
David Drysdale,0.0,1.0,0.0,1.0,4.0,0.0,70.3,0.0,0.0,0.0,0.0
David Duval,0.0,0.0,0.0,0.0,9.0,0.0,40.2,0.0,0.0,0.0,0.0
David Frost,0.0,0.0,0.0,0.0,2.0,0.0,77.5,0.0,0.0,0.0,0.0
David Hearn,0.0,72.0,9.0,140.0,402.0,-68.0,70.66666666666667,233.65,56.949999999999996,55.71666666666667,1.4749999999999999
David Howell,0.0,2.0,0.0,2.0,8.0,0.0,70.6,0.0,0.0,0.0,0.0
David Lingmerth,0.0,61.0,3.0,84.0,286.0,-23.0,59.31666666666666,96.0,22.100000000000005,21.016666666666666,0.5798333333333333
David Lipsky,0.0,1.0,0.0,2.0,6.0,-1.0,72.8,0.0,0.0,0.0,0.0
David Toms,0.0,12.0,1.0,19.0,72.0,-7.0,70.55,0.0,0.0,0.0,0.0
Davis Love III,0.0,21.0,2.0,49.0,132.0,-28.0,47.699999999999996,0.0,0.0,0.0,0.0
Dawie van der Walt,0.0,11.0,0.0,25.0,70.0,-14.0,71.0,0.0,0.0,0.0,0.0
Dean Burmester,0.0,1.0,0.0,1.0,4.0,0.0,71.8,0.0,0.0,0.0,0.0
Denny McCarthy,0.0,64.0,10.0,103.0,315.0,-39.0,70.1,293.85,63.3,66.425,1.744
Derek Ernst,0.0,16.0,0.0,27.0,83.0,-11.0,43.02,0.0,0.0,0.0,0.0
Derek Fathauer,0.0,50.0,3.0,85.0,282.0,-35.0,71.15,143.9,27.2,30.775,0.87775
Dicky Pride,0.0,16.0,0.0,39.0,80.0,-23.0,35.666666666666664,0.0,0.0,0.0,0.0
Do Yeon Kim,0.0,1.0,0.0,1.0,0.0,0.0,0.0,0.0,0.0,0.0,0.0
Doc Redman,0.0,32.0,5.0,51.0,158.0,-19.0,70.25,295.7,66.6,68.35,1.767
Dominic Bozzelli,0.0,42.0,6.0,94.0,233.0,-52.0,56.68000000000001,237.35999999999999,44.84,50.56,1.39
Doug Barron,0.0,0.0,0.0,0.0,0.0,0.0,0.0,0.0,0.0,0.0,0.0
Doug Ghim,0.0,23.0,1.0,27.0,126.0,-4.0,70.35,294.45,66.15,69.6,1.7875
Dudley Hart,0.0,0.0,0.0,0.0,0.0,0.0,0.0,0.0,0.0,0.0,0.0
Dustin Johnson,15.0,103.0,58.0,116.0,417.0,-13.0,69.33333333333333,260.81666666666666,48.18333333333334,57.18333333333334,1.435833333333333
Dylan Frittelli,1.0,46.0,7.0,76.0,235.0,-30.0,70.53333333333335,299.03333333333336,58.46666666666666,66.0,1.7866666666666664
Eddie Olson,0.0,0.0,0.0,1.0,0.0,-1.0,0.0,0.0,0.0,0.0,0.0
Eddie Pepperell,0.0,1.0,0.0,1.0,4.0,0.0,70.8,0.0,0.0,0.0,0.0
Emiliano Grillo,1.0,116.0,20.0,151.0,508.0,-35.0,70.38333333333334,246.35,55.76666666666667,57.916666666666664,1.4811666666666667
Eric Axley,0.0,6.0,0.0,14.0,15.0,-8.0,35.65,0.0,0.0,0.0,0.0
Erik Compton,0.0,11.0,0.0,26.0,64.0,-15.0,35.4,0.0,0.0,0.0,0.0
Erik van Rooyen,1.0,16.0,5.0,27.0,73.0,-11.0,70.6,305.3,61.1,64.4,1.743
Ernie Els,0.0,24.0,1.0,56.0,173.0,-32.0,47.61666666666667,47.449999999999996,9.366666666666667,9.466666666666667,0.2945
Ethan Tracy,0.0,12.0,0.0,23.0,68.0,-11.0,71.4,299.0,60.3,64.9,1.778
Fabián Gómez,1.0,71.0,6.0,118.0,394.0,-47.0,70.73333333333333,239.8166666666667,53.73333333333334,54.93333333333333,1.4788333333333334
Fabrizio Zanotti,0.0,3.0,0.0,6.0,17.0,-3.0,71.8,0.0,0.0,0.0,0.0
Francesco Molinari,3.0,72.0,19.0,89.0,279.0,-17.0,58.9,147.01666666666668,33.583333333333336,33.51666666666667,0.8889999999999999
Frank Lickliter,0.0,0.0,0.0,0.0,0.0,0.0,0.0,0.0,0.0,0.0,0.0
Fred Couples,0.0,2.0,0.0,2.0,14.0,0.0,43.48,0.0,0.0,0.0,0.0
Fred Funk,0.0,1.0,0.0,1.0,2.0,0.0,36.0,0.0,0.0,0.0,0.0
Freddie Jacobson,0.0,27.0,3.0,35.0,157.0,-8.0,71.53333333333333,95.10000000000001,20.2,21.066666666666666,0.5873333333333334
Garrick Higgo,1.0,4.0,1.0,8.0,0.0,-4.0,0.0,0.0,0.0,0.0,0.0
Gary Hallberg,0.0,0.0,0.0,0.0,0.0,0.0,0.0,0.0,0.0,0.0,0.0
Gary Woodland,2.0,112.0,28.0,145.0,488.0,-33.0,70.16666666666666,257.3666666666666,50.23333333333334,56.68333333333334,1.4783333333333335
Geoff Ogilvy,0.0,25.0,2.0,65.0,131.0,-40.0,47.46666666666667,95.5,20.866666666666667,21.833333333333332,0.6013333333333334
George Coetzee,0.0,7.0,0.0,9.0,32.0,-2.0,72.55000000000001,0.0,0.0,0.0,0.0
George McNeill,0.0,23.0,2.0,63.0,105.0,-40.0,42.54,0.0,0.0,0.0,0.0
Glen Day,0.0,0.0,0.0,0.0,2.0,0.0,24.0,0.0,0.0,0.0,0.0
Gonzalo Fernández-Castaño,0.0,9.0,0.0,24.0,62.0,-15.0,70.30000000000001,146.05,26.65,31.1,0.89
Graeme McDowell,2.0,67.0,11.0,109.0,294.0,-42.0,59.199999999999996,190.41666666666666,43.25,42.53333333333333,1.1773333333333333
Graham DeLaet,0.0,32.0,10.0,49.0,156.0,-17.0,53.375,75.275,15.925,17.15,0.44525
Grayson Murray,1.0,48.0,6.0,88.0,284.0,-40.0,71.58000000000001,246.95999999999998,43.42,50.6,1.4128
Greg Chalmers,0.0,28.0,1.0,72.0,177.0,-44.0,57.44,112.16,23.74,23.36,0.7008
Greg Owen,0.0,19.0,2.0,46.0,123.0,-27.0,70.35,0.0,0.0,0.0,0.0
Greg Yates,0.0,1.0,0.0,1.0,4.0,0.0,71.3,0.0,0.0,0.0,0.0
Grégory Bourdy,0.0,4.0,0.0,5.0,18.0,-1.0,71.85,0.0,0.0,0.0,0.0
Gyu Min Lee,0.0,1.0,0.0,1.0,0.0,0.0,0.0,0.0,0.0,0.0,0.0
Hank Lebioda,0.0,37.0,5.0,67.0,197.0,-30.0,70.36666666666666,294.56666666666666,62.36666666666667,68.66666666666667,1.764333333333333
Haotong Li,0.0,4.0,2.0,8.0,24.0,-4.0,71.4,0.0,0.0,0.0,0.0
Harold Varner III,0.0,105.0,13.0,163.0,527.0,-58.0,70.36666666666667,252.5333333333333,50.03333333333333,56.849999999999994,1.4786666666666666
Harris English,2.0,107.0,21.0,131.0,510.0,-24.0,70.21666666666667,250.9333333333333,49.666666666666664,55.13333333333333,1.4645000000000001
Harrison Frazar,0.0,0.0,0.0,0.0,0.0,0.0,0.0,0.0,0.0,0.0,0.0
Harry Higgs,0.0,30.0,4.0,53.0,163.0,-23.0,70.5,299.95,59.75,64.9,1.7305000000000001
Haydn Porteous,0.0,1.0,0.0,1.0,4.0,0.0,71.5,0.0,0.0,0.0,0.0
Heath Slocum,0.0,3.0,0.0,5.0,7.0,-2.0,24.666666666666668,0.0,0.0,0.0,0.0
Henrik Norlander,0.0,46.0,7.0,78.0,243.0,-32.0,70.14999999999999,146.55,34.175,34.95,0.8955
Henrik Stenson,2.0,55.0,15.0,78.0,216.0,-23.0,55.416666666666664,95.7,24.55,23.266666666666666,0.5966666666666667
Hideki Matsuyama,5.0,115.0,34.0,137.0,476.0,-22.0,69.8,252.1,50.31666666666667,57.199999999999996,1.4576666666666667
Hideto Tanihara,0.0,10.0,1.0,15.0,44.0,-5.0,71.65,0.0,0.0,0.0,0.0
Hiroshi Iwata,0.0,16.0,2.0,39.0,108.0,-23.0,71.6,0.0,0.0,0.0,0.0
Ho-Yu An,0.0,0.0,0.0,1.0,0.0,-1.0,0.0,0.0,0.0,0.0,0.0
Hudson Swafford,2.0,82.0,10.0,139.0,431.0,-57.0,70.64999999999999,201.0333333333333,41.083333333333336,45.31666666666666,1.1834999999999998
Hunter Mahan,0.0,43.0,1.0,95.0,311.0,-52.0,71.6,236.66,50.0,51.879999999999995,1.4192
Hunter Stewart,0.0,2.0,1.0,8.0,19.0,-6.0,71.7,0.0,0.0,0.0,0.0
Ian Poulter,1.0,84.0,17.0,105.0,355.0,-21.0,70.61666666666666,240.1,53.083333333333336,53.65,1.4536666666666667
Ian Woosnam,0.0,0.0,0.0,0.0,0.0,0.0,0.0,0.0,0.0,0.0,0.0
J.B. Holmes,1.0,78.0,13.0,113.0,369.0,-35.0,71.13333333333333,203.86666666666665,35.300000000000004,42.3,1.1791666666666667
J.J. Henry,0.0,51.0,4.0,113.0,302.0,-62.0,59.53333333333334,145.78333333333333,32.31666666666667,34.43333333333333,0.915
J.J. Spaun,0.0,75.0,10.0,108.0,379.0,-33.0,70.38,292.64,64.34,67.67999999999999,1.7772000000000001
J.T. Poston,1.0,83.0,10.0,131.0,416.0,-48.0,70.4,296.02,60.9,65.5,1.7391999999999999
Jaco Van Zyl,0.0,1.0,0.0,2.0,2.0,-1.0,76.5,0.0,0.0,0.0,0.0
James Driscoll,0.0,1.0,0.0,0.0,2.0,1.0,36.5,0.0,0.0,0.0,0.0
James Hahn,1.0,78.0,13.0,105.0,403.0,-27.0,70.58333333333333,197.23333333333335,42.516666666666666,45.43333333333334,1.1855
James Morrison,0.0,1.0,0.0,3.0,8.0,-2.0,73.4,0.0,0.0,0.0,0.0
Jamie Donaldson,0.0,10.0,0.0,14.0,41.0,-4.0,35.85,0.0,0.0,0.0,0.0
Jamie Lovemark,0.0,73.0,12.0,97.0,326.0,-24.0,58.650000000000006,101.34999999999998,19.05,21.78333333333333,0.5868333333333333
Jason Bohn,0.0,26.0,3.0,62.0,149.0,-36.0,42.919999999999995,55.17999999999999,12.74,12.620000000000001,0.3628
Jason Day,5.0,88.0,34.0,120.0,386.0,-32.0,69.93333333333332,253.03333333333333,48.53333333333333,55.03333333333333,1.4513333333333334
Jason Dufner,2.0,100.0,12.0,128.0,468.0,-28.0,70.75000000000001,242.9333333333333,54.300000000000004,56.0,1.4959999999999998
Jason Gore,0.0,14.0,0.0,32.0,96.0,-18.0,53.224999999999994,0.0,0.0,0.0,0.0
Jason Kokrak,2.0,113.0,22.0,156.0,523.0,-43.0,70.31666666666666,257.09999999999997,49.65,57.300000000000004,1.4818333333333333
Jay Don Blake,0.0,1.0,0.0,1.0,0.0,0.0,0.0,0.0,0.0,0.0,0.0
Jay Haas,0.0,0.0,0.0,0.0,0.0,0.0,0.0,0.0,0.0,0.0,0.0
Jay McLuen,0.0,0.0,0.0,1.0,0.0,-1.0,0.0,0.0,0.0,0.0,0.0
Jeff Gove,0.0,0.0,0.0,0.0,0.0,0.0,0.0,0.0,0.0,0.0,0.0
Jeff Hart,0.0,0.0,0.0,0.0,2.0,0.0,77.0,0.0,0.0,0.0,0.0
Jeff Overton,0.0,10.0,1.0,25.0,66.0,-15.0,70.0,0.0,0.0,0.0,0.0
Jerry Kelly,0.0,18.0,2.0,36.0,100.0,-18.0,42.480000000000004,0.0,0.0,0.0,0.0
Jeunghun Wang,0.0,6.0,0.0,10.0,28.0,-4.0,73.3,0.0,0.0,0.0,0.0
Jhonattan Vegas,2.0,103.0,18.0,149.0,483.0,-46.0,70.38333333333333,255.71666666666667,48.900000000000006,56.56666666666666,1.49
Ji Young Kim,0.0,0.0,0.0,1.0,0.0,-1.0,0.0,0.0,0.0,0.0,0.0
Ji-Hyun2 Kim,0.0,0.0,0.0,1.0,0.0,-1.0,0.0,0.0,0.0,0.0,0.0
Jim Furyk,0.0,57.0,9.0,75.0,258.0,-18.0,58.78333333333334,184.51666666666665,48.48333333333333,45.46666666666666,1.1938333333333333
Jim Herman,3.0,59.0,6.0,127.0,343.0,-68.0,59.199999999999996,193.15,45.86666666666667,44.20000000000001,1.1991666666666667
Jim Knous,0.0,10.0,1.0,18.0,53.0,-8.0,71.1,296.5,55.2,67.7,1.791
Jimmy Walker,1.0,82.0,11.0,94.0,418.0,-12.0,71.36666666666667,248.21666666666667,43.300000000000004,51.083333333333336,1.4750000000000003
Joaquin Niemann,1.0,62.0,13.0,78.0,274.0,-16.0,69.86666666666667,304.59999999999997,59.13333333333333,68.66666666666666,1.7563333333333333
Joe Affrunti,0.0,1.0,0.0,4.0,10.0,-3.0,74.2,0.0,0.0,0.0,0.0
Joe Durant,0.0,0.0,0.0,0.0,0.0,0.0,0.0,0.0,0.0,0.0,0.0
Joe Summerhays,0.0,0.0,0.0,0.0,0.0,0.0,0.0,0.0,0.0,0.0,0.0
Joel Dahmen,1.0,82.0,14.0,122.0,384.0,-40.0,70.46,235.18,53.42,52.92,1.4056000000000002
Joey Garber,0.0,11.0,2.0,26.0,65.0,-15.0,71.4,146.95,31.25,33.2,0.8935
John Chin,0.0,7.0,1.0,21.0,54.0,-14.0,71.4,300.0,58.1,68.7,1.805
John Cook,0.0,0.0,0.0,0.0,0.0,0.0,0.0,0.0,0.0,0.0,0.0
John Daly,0.0,2.0,0.0,7.0,8.0,-5.0,36.5,0.0,0.0,0.0,0.0
John Harris,0.0,0.0,0.0,0.0,0.0,0.0,0.0,0.0,0.0,0.0,0.0
John Huh,0.0,71.0,7.0,105.0,382.0,-34.0,70.7,144.11666666666667,32.24999999999999,32.85,0.887
John Huston,0.0,0.0,0.0,0.0,0.0,0.0,0.0,0.0,0.0,0.0,0.0
John Merrick,0.0,17.0,0.0,32.0,82.0,-15.0,56.82000000000001,0.0,0.0,0.0,0.0
John Peterson,0.0,6.0,0.0,15.0,39.0,-9.0,70.9,0.0,0.0,0.0,0.0
John Rollins,0.0,8.0,0.0,18.0,34.0,-10.0,35.875,0.0,0.0,0.0,0.0
John Senden,0.0,40.0,1.0,63.0,200.0,-23.0,47.633333333333326,0.0,0.0,0.0,0.0
Johnson Wagner,0.0,61.0,6.0,108.0,301.0,-47.0,58.71666666666667,142.93333333333334,32.416666666666664,34.4,0.8826666666666666
Jon Curran,0.0,26.0,3.0,41.0,134.0,-15.0,70.80000000000001,0.0,0.0,0.0,0.0
Jon Rahm,6.0,97.0,54.0,109.0,382.0,-12.0,69.33333333333333,256.15,51.199999999999996,58.31666666666666,1.4489999999999998
Jonas Blixt,1.0,53.0,4.0,108.0,283.0,-55.0,56.9,174.26,36.94,37.72,1.0586
Jonathan Byrd,0.0,46.0,2.0,71.0,187.0,-25.0,58.78333333333333,95.55,19.46666666666667,22.233333333333334,0.5903333333333333
Jonathan Kaye,0.0,2.0,0.0,3.0,8.0,-1.0,24.633333333333336,0.0,0.0,0.0,0.0
Jonathan Randolph,0.0,23.0,2.0,47.0,128.0,-24.0,71.5,288.54999999999995,63.2,61.65,1.7845
Joost Luiten,0.0,5.0,0.0,7.0,20.0,-2.0,71.0,0.0,0.0,0.0,0.0
Jordan Niebrugge,0.0,1.0,0.0,2.0,6.0,-1.0,72.3,0.0,0.0,0.0,0.0
Jordan Smith,0.0,1.0,1.0,1.0,4.0,0.0,70.8,0.0,0.0,0.0,0.0
Jordan Spieth,6.0,110.0,41.0,132.0,459.0,-22.0,69.76666666666667,248.61666666666665,46.78333333333333,55.050000000000004,1.4319999999999997
Jordan Zunic,0.0,2.0,0.0,2.0,8.0,0.0,74.65,0.0,0.0,0.0,0.0
Joseph Bramlett,0.0,26.0,2.0,45.0,131.0,-19.0,70.8,304.45000000000005,57.15,69.45,1.804
Josh Teater,0.0,29.0,3.0,56.0,156.0,-27.0,70.33333333333333,292.0,66.56666666666666,69.63333333333334,1.7619999999999998
José María Olazábal,0.0,1.0,0.0,2.0,0.0,-1.0,0.0,0.0,0.0,0.0,0.0
José de Jesús Rodríguez,0.0,10.0,0.0,0.0,65.0,10.0,70.5,290.2,60.3,64.3,1.753
Julianne Alvarez,0.0,1.0,1.0,2.0,0.0,-1.0,0.0,0.0,0.0,0.0,0.0
Julián Etulain,0.0,24.0,1.0,22.0,128.0,2.0,70.9,292.65,59.05,65.15,1.782
Justin Hicks,0.0,6.0,1.0,15.0,40.0,-9.0,72.4,0.0,0.0,0.0,0.0
Justin Leonard,0.0,7.0,0.0,13.0,40.0,-6.0,71.7,0.0,0.0,0.0,0.0
Justin Rose,3.0,82.0,36.0,101.0,347.0,-19.0,69.89999999999999,250.7833333333333,50.86666666666667,55.316666666666684,1.4476666666666667
Justin Thomas,14.0,115.0,53.0,137.0,479.0,-22.0,69.41666666666666,255.29999999999998,47.75,57.349999999999994,1.4261666666666664
K.H. Lee,1.0,51.0,6.0,88.0,262.0,-37.0,70.73333333333333,293.6666666666667,64.7,65.73333333333333,1.765666666666667
K.J. Choi,0.0,43.0,4.0,89.0,234.0,-46.0,59.616666666666674,91.89999999999999,22.183333333333337,20.966666666666665,0.595
Keegan Bradley,1.0,113.0,19.0,134.0,514.0,-21.0,70.31666666666668,249.85000000000002,54.28333333333333,57.116666666666674,1.4873333333333332
Keith Clearwater,0.0,0.0,0.0,0.0,4.0,0.0,37.5,0.0,0.0,0.0,0.0
Keith Mitchell,1.0,66.0,12.0,105.0,332.0,-39.0,70.42,244.98000000000002,46.76,53.25999999999999,1.419
Kelly Kraft,0.0,55.0,10.0,126.0,304.0,-71.0,56.68000000000001,174.14,37.5,37.86,1.0597999999999999
Ken Duke,0.0,27.0,2.0,61.0,130.0,-34.0,42.96,54.839999999999996,13.719999999999999,12.74,0.35819999999999996
Kevin Chappell,1.0,73.0,18.0,92.0,311.0,-19.0,58.550000000000004,152.36666666666667,29.433333333333334,32.81666666666666,0.8855
Kevin Kisner,4.0,118.0,31.0,152.0,507.0,-34.0,70.28333333333333,240.83333333333334,56.050000000000004,54.866666666666674,1.4668333333333334
Kevin Na,4.0,109.0,29.0,144.0,480.0,-35.0,70.08333333333334,239.71666666666667,53.11666666666667,53.65,1.4526666666666668
Kevin Stadler,0.0,3.0,0.0,21.0,0.0,-18.0,0.0,0.0,0.0,0.0,0.0
Kevin Streelman,0.0,105.0,21.0,158.0,513.0,-53.0,70.35,245.0666666666667,55.883333333333326,57.49999999999999,1.4776666666666667
Kevin Tway,1.0,77.0,8.0,108.0,382.0,-31.0,70.64000000000001,306.78,52.7,65.66,1.7764
Kiradech Aphibarnrat,0.0,28.0,5.0,55.0,113.0,-27.0,53.39999999999999,73.1,15.8,15.4,0.4405
Kramer Hickok,0.0,34.0,3.0,52.0,201.0,-18.0,70.5,218.65,51.25,50.324999999999996,1.3512499999999998
Kris Blanks,0.0,2.0,0.0,6.0,0.0,-4.0,0.0,0.0,0.0,0.0,0.0
Kris Ventura,0.0,17.0,2.0,29.0,114.0,-12.0,71.1,305.2,58.650000000000006,64.6,1.7679999999999998
Kristoffer Broberg,0.0,1.0,0.0,3.0,8.0,-2.0,76.0,0.0,0.0,0.0,0.0
Kyle Jones,0.0,10.0,0.0,0.0,66.0,10.0,71.1,284.0,68.6,66.0,1.801
Kyle Reifers,0.0,37.0,4.0,66.0,199.0,-29.0,71.0,143.05,32.55,33.0,0.9085
Kyle Stanley,1.0,102.0,14.0,157.0,496.0,-55.0,70.41666666666667,243.04999999999998,57.833333333333336,58.56666666666666,1.4861666666666666
Kyle Thompson,0.0,2.0,0.0,22.0,46.0,-20.0,72.0,285.3,63.0,62.4,1.797
Kyung-tae Kim,0.0,9.0,0.0,12.0,38.0,-3.0,72.94999999999999,0.0,0.0,0.0,0.0
Lanto Griffin,1.0,54.0,6.0,82.0,256.0,-28.0,70.46666666666667,302.6333333333333,56.5,66.0,1.7619999999999998
Larry Mize,0.0,0.0,0.0,0.0,0.0,0.0,0.0,0.0,0.0,0.0,0.0
Laurie Canter,0.0,1.0,0.0,1.0,4.0,0.0,70.5,0.0,0.0,0.0,0.0
Lee McCoy,0.0,3.0,0.0,3.0,12.0,0.0,70.4,0.0,0.0,0.0,0.0
Lee Westwood,0.0,29.0,3.0,36.0,118.0,-7.0,71.76666666666667,98.03333333333335,20.966666666666665,21.599999999999998,0.5916666666666667
Louis Oosthuizen,0.0,90.0,25.0,105.0,358.0,-15.0,70.39999999999999,248.38333333333333,52.85,55.099999999999994,1.4751666666666665
Lucas Bjerregaard,0.0,10.0,1.0,14.0,65.0,-4.0,72.1,0.0,0.0,0.0,0.0
Lucas Glover,1.0,103.0,19.0,144.0,479.0,-41.0,70.41666666666667,248.15,54.21666666666666,56.75,1.4831666666666667
Lucas Lee,0.0,6.0,0.0,16.0,41.0,-10.0,71.4,0.0,0.0,0.0,0.0
Luke Donald,0.0,45.0,4.0,85.0,254.0,-40.0,58.916666666666664,94.10000000000001,19.016666666666666,21.5,0.5906666666666667
Luke Guthrie,0.0,9.0,1.0,19.0,55.0,-10.0,70.8,0.0,0.0,0.0,0.0
Luke List,0.0,90.0,20.0,162.0,491.0,-72.0,70.48333333333333,259.98333333333335,46.06666666666667,56.80000000000001,1.4911666666666665
Mackenzie Hughes,1.0,79.0,13.0,134.0,417.0,-55.0,70.48,295.72,58.3,64.76,1.7604
Marc Leishman,5.0,112.0,29.0,138.0,475.0,-26.0,70.4,247.15,47.98333333333333,54.68333333333334,1.4673333333333334
Marc Turnesa,0.0,3.0,0.0,10.0,23.0,-7.0,71.4,0.0,0.0,0.0,0.0
Marco Dawson,0.0,0.0,0.0,0.0,0.0,0.0,0.0,0.0,0.0,0.0,0.0
Marcus Fraser,0.0,7.0,0.0,8.0,26.0,-1.0,72.85,0.0,0.0,0.0,0.0
Mark Anderson,0.0,26.0,2.0,41.0,155.0,-15.0,70.8,287.8666666666666,61.0,66.86666666666666,1.7926666666666666
Mark Brooks,0.0,0.0,0.0,0.0,0.0,0.0,0.0,0.0,0.0,0.0,0.0
Mark Calcavecchia,0.0,0.0,0.0,0.0,0.0,0.0,0.0,0.0,0.0,0.0,0.0
Mark Hensby,0.0,0.0,0.0,1.0,0.0,-1.0,0.0,0.0,0.0,0.0,0.0
Mark Hubbard,0.0,71.0,3.0,113.0,353.0,-42.0,70.65,213.25,47.75,49.275,1.3225
Mark Wilson,0.0,18.0,0.0,47.0,98.0,-29.0,35.1,0.0,0.0,0.0,0.0
Martin Flores,0.0,35.0,2.0,58.0,175.0,-23.0,70.16666666666667,200.20000000000002,35.9,45.633333333333326,1.1873333333333334
Martin Kaymer,0.0,35.0,3.0,50.0,114.0,-15.0,42.86,0.0,0.0,0.0,0.0
Martin Laird,1.0,87.0,16.0,136.0,425.0,-49.0,70.5,248.80000000000004,54.083333333333336,56.93333333333334,1.4875
Martin Piller,0.0,26.0,4.0,50.0,175.0,-24.0,71.36666666666666,97.39999999999999,19.5,20.133333333333333,0.5873333333333334
Martin Trainer,1.0,14.0,1.0,53.0,166.0,-39.0,72.89999999999999,303.1666666666667,49.5,56.03333333333333,1.7853333333333332
Mathew Goggin,0.0,0.0,0.0,0.0,0.0,0.0,0.0,0.0,0.0,0.0,0.0
Matt Atkins,0.0,6.0,0.0,21.0,52.0,-15.0,71.5,301.4,57.5,63.5,1.788
Matt Every,0.0,37.0,3.0,93.0,273.0,-56.0,71.28,176.84,32.38,37.98,1.06
Matt Fitzpatrick,0.0,56.0,14.0,73.0,243.0,-17.0,71.03999999999999,175.22,39.82,38.86,1.0468
Matt Gogel,0.0,0.0,0.0,0.0,0.0,0.0,0.0,0.0,0.0,0.0,0.0
Matt Jones,1.0,92.0,7.0,150.0,460.0,-58.0,70.55,250.41666666666666,48.916666666666664,54.68333333333334,1.4706666666666666
Matt Kuchar,2.0,110.0,33.0,139.0,470.0,-29.0,70.11666666666666,238.9333333333333,54.75,55.56666666666666,1.46
Matt Wallace,0.0,22.0,3.0,31.0,97.0,-9.0,71.19999999999999,300.04999999999995,56.45,63.75,1.762
Matthew Griffin,0.0,2.0,0.0,3.0,10.0,-1.0,75.6,0.0,0.0,0.0,0.0
Matthew NeSmith,0.0,30.0,3.0,52.0,156.0,-22.0,70.25,295.45,64.6,70.65,1.7765
Matthew Southgate,0.0,2.0,1.0,2.0,8.0,0.0,69.9,0.0,0.0,0.0,0.0
Matthew Wolff,1.0,35.0,5.0,49.0,158.0,-14.0,70.10000000000001,209.16666666666666,36.666666666666664,43.9,1.1753333333333333
Maverick McNealy,0.0,34.0,5.0,49.0,154.0,-15.0,70.15,297.65,59.35,66.2,1.741
Max Homa,2.0,49.0,11.0,74.0,236.0,-25.0,70.63333333333333,300.53333333333336,58.26666666666667,64.53333333333333,1.7536666666666667
Michael Allen,0.0,0.0,0.0,0.0,0.0,0.0,0.0,0.0,0.0,0.0,0.0
Michael Bradley,0.0,5.0,0.0,9.0,22.0,-4.0,23.900000000000002,0.0,0.0,0.0,0.0
Michael Campbell,0.0,0.0,0.0,0.0,0.0,0.0,0.0,0.0,0.0,0.0,0.0
Michael Gellerman,0.0,15.0,0.0,19.0,89.0,-4.0,71.25,292.8,64.25,69.55,1.7995
Michael Gligic,0.0,23.0,1.0,29.0,128.0,-6.0,70.9,298.7,59.15,66.8,1.7885
Michael Hendry,0.0,1.0,0.0,2.0,6.0,-1.0,72.8,0.0,0.0,0.0,0.0
Michael Johnson,0.0,2.0,1.0,6.0,16.0,-4.0,70.05000000000001,0.0,0.0,0.0,0.0
Michael Kim,1.0,63.0,2.0,114.0,410.0,-51.0,71.81666666666666,192.0,36.11666666666667,41.25,1.1906666666666665
Michael Putnam,0.0,5.0,0.0,13.0,38.0,-8.0,72.0,0.0,0.0,0.0,0.0
Michael Thompson,1.0,73.0,9.0,129.0,390.0,-56.0,70.41666666666667,241.01666666666665,54.88333333333333,54.99999999999999,1.4763333333333335
Michio Matsumura,0.0,1.0,0.0,1.0,4.0,0.0,73.0,0.0,0.0,0.0,0.0
Miguel Angel Carballo,0.0,13.0,0.0,40.0,102.0,-27.0,70.95,144.05,31.8,32.45,0.901
Miguel Tabuena,0.0,3.0,0.0,3.0,12.0,0.0,71.3,0.0,0.0,0.0,0.0
Miguel Ángel Jiménez,0.0,2.0,0.0,2.0,8.0,0.0,35.5,0.0,0.0,0.0,0.0
Mike Weir,0.0,5.0,0.0,9.0,21.0,-4.0,23.766666666666666,0.0,0.0,0.0,0.0
Mito Pereira,0.0,4.0,2.0,7.0,0.0,-3.0,0.0,0.0,0.0,0.0,0.0
Morgan Hoffmann,0.0,34.0,2.0,63.0,195.0,-29.0,56.86,58.779999999999994,12.08,12.72,0.354
Nate Lashley,1.0,45.0,6.0,83.0,243.0,-38.0,70.525,290.725,62.425000000000004,66.525,1.7685
Nathan Holman,0.0,2.0,0.0,4.0,12.0,-2.0,73.3,0.0,0.0,0.0,0.0
Neal Lancaster,0.0,1.0,0.0,1.0,0.0,0.0,0.0,0.0,0.0,0.0,0.0
Nelson Ledesma,0.0,12.0,0.0,19.0,88.0,-7.0,71.6,293.2,55.15,64.0,1.761
Nicholas Lindheim,0.0,27.0,1.0,47.0,162.0,-20.0,70.93333333333334,193.53333333333333,38.86666666666667,44.56666666666666,1.178
Nick Cullen,0.0,1.0,0.0,2.0,6.0,-1.0,73.0,0.0,0.0,0.0,0.0
Nick Taylor,1.0,103.0,11.0,160.0,507.0,-57.0,70.4,244.5,52.06666666666667,55.6,1.4743333333333333
Nick Watney,0.0,66.0,6.0,122.0,357.0,-56.0,70.7,251.94999999999996,46.38333333333333,56.416666666666664,1.4835
Nordin Van Tilburg,0.0,1.0,0.0,2.0,0.0,-1.0,0.0,0.0,0.0,0.0,0.0
Olin Browne,0.0,1.0,0.0,1.0,2.0,0.0,25.333333333333332,0.0,0.0,0.0,0.0
Ollie Schniederjans,0.0,52.0,8.0,62.0,273.0,-10.0,70.975,227.125,38.15,47.75,1.3135
Omar Uresti,0.0,3.0,0.0,10.0,12.0,-7.0,36.85,0.0,0.0,0.0,0.0
Oscar Fraustro,0.0,1.0,0.0,1.0,4.0,0.0,67.8,0.0,0.0,0.0,0.0
Padraig Harrington,0.0,32.0,2.0,59.0,110.0,-27.0,47.866666666666674,0.0,0.0,0.0,0.0
Parker McLachlin,0.0,11.0,0.0,20.0,35.0,-9.0,36.05,0.0,0.0,0.0,0.0
Pat Perez,2.0,89.0,17.0,131.0,407.0,-42.0,70.41666666666667,241.73333333333335,52.85,56.01666666666667,1.4658333333333333
Patrick Cantlay,6.0,82.0,30.0,93.0,324.0,-11.0,69.62,302.5200000000001,60.1,69.14,1.7454
Patrick Reed,5.0,125.0,41.0,151.0,527.0,-26.0,70.03333333333335,246.3166666666667,48.61666666666667,53.23333333333334,1.4385000000000001
Patrick Rodgers,0.0,95.0,12.0,164.0,497.0,-69.0,70.60000000000001,254.13333333333333,46.36666666666667,55.050000000000004,1.4775
Patton Kizzire,2.0,93.0,18.0,157.0,485.0,-64.0,70.66666666666667,247.04999999999998,46.79999999999999,54.85,1.45
Paul Casey,2.0,106.0,36.0,123.0,438.0,-17.0,69.93333333333332,251.88333333333333,53.45000000000001,58.04999999999999,1.4718333333333333
Paul Dunne,0.0,1.0,0.0,4.0,11.0,-3.0,73.2,0.0,0.0,0.0,0.0
Paul Goydos,0.0,1.0,0.0,1.0,0.0,0.0,0.0,0.0,0.0,0.0,0.0
Paul Lawrie,0.0,1.0,0.0,2.0,6.0,-1.0,72.7,0.0,0.0,0.0,0.0
Paul Peterson,0.0,1.0,0.0,1.0,4.0,0.0,69.3,0.0,0.0,0.0,0.0
Paul Stankowski,0.0,0.0,0.0,0.0,0.0,0.0,0.0,0.0,0.0,0.0,0.0
Peter Malnati,1.0,82.0,7.0,145.0,474.0,-63.0,70.61666666666666,240.5833333333333,47.63333333333333,52.48333333333333,1.4428333333333334
Peter Uihlein,0.0,51.0,8.0,74.0,222.0,-23.0,56.4,180.3,30.18,40.38,1.0614000000000001
Phil Mickelson,3.0,71.0,22.0,127.0,424.0,-56.0,70.68333333333334,250.56666666666663,44.53333333333334,53.06666666666666,1.454
Rafa Cabrera Bello,0.0,79.0,14.0,94.0,359.0,-15.0,70.78333333333335,243.01666666666668,53.46666666666666,53.73333333333333,1.4718333333333333
Rafael Campos,0.0,18.0,5.0,31.0,111.0,-13.0,70.7,74.975,14.4,15.875,0.44675
Renato Paratore,0.0,1.0,0.0,1.0,4.0,0.0,71.0,0.0,0.0,0.0,0.0
Retief Goosen,0.0,29.0,2.0,56.0,153.0,-27.0,42.72,117.6,22.6,25.139999999999997,0.7182000000000001
Rhein Gibson,0.0,27.0,0.0,43.0,160.0,-16.0,71.43333333333334,196.33333333333334,35.06666666666666,42.56666666666667,1.173
Rich Beem,0.0,2.0,0.0,0.0,12.0,2.0,36.675,0.0,0.0,0.0,0.0
Richard Bland,0.0,2.0,0.0,2.0,8.0,0.0,70.8,0.0,0.0,0.0,0.0
Richard H. Lee,0.0,1.0,1.0,11.0,25.0,-10.0,71.7,0.0,0.0,0.0,0.0
Richard S. Johnson,0.0,4.0,0.0,7.0,0.0,-3.0,0.0,0.0,0.0,0.0,0.0
Richard Sterne,0.0,3.0,0.0,3.0,12.0,0.0,73.3,0.0,0.0,0.0,0.0
Richard T. Lee,0.0,2.0,0.0,2.0,8.0,0.0,72.4,0.0,0.0,0.0,0.0
Richie Ramsay,0.0,1.0,0.0,2.0,6.0,-1.0,71.0,0.0,0.0,0.0,0.0
Richy Werenski,1.0,76.0,10.0,133.0,391.0,-57.0,70.56,293.72,62.239999999999995,66.16,1.7635999999999998
Rick Lamb,0.0,8.0,1.0,29.0,50.0,-21.0,35.65,149.0,32.4,33.45,0.887
Rickie Fowler,2.0,94.0,33.0,122.0,426.0,-28.0,69.91666666666667,249.1833333333333,52.68333333333333,55.800000000000004,1.4476666666666667
Ricky Barnes,0.0,59.0,5.0,95.0,301.0,-36.0,59.11666666666667,95.91666666666667,16.916666666666668,21.2,0.5783333333333333
Rikard Karlberg,0.0,1.0,0.0,1.0,4.0,0.0,70.5,0.0,0.0,0.0,0.0
Rob Labritz,0.0,0.0,0.0,0.0,0.0,0.0,0.0,0.0,0.0,0.0,0.0
Rob Oppenheim,0.0,48.0,4.0,99.0,278.0,-51.0,71.2,170.71999999999997,36.779999999999994,38.62,1.0628
Robby Shelton,0.0,32.0,3.0,68.0,189.0,-36.0,70.94999999999999,147.575,29.25,32.025000000000006,0.88425
Robert Allenby,0.0,4.0,0.0,8.0,18.0,-4.0,36.625,0.0,0.0,0.0,0.0
Robert Gamez,0.0,0.0,0.0,0.0,2.0,0.0,27.833333333333332,0.0,0.0,0.0,0.0
Robert Garrigus,0.0,48.0,6.0,81.0,267.0,-33.0,59.03333333333334,101.43333333333332,19.316666666666666,22.316666666666663,0.5915
Robert MacIntyre,0.0,11.0,2.0,13.0,0.0,-2.0,0.0,0.0,0.0,0.0,0.0
Robert Streb,1.0,79.0,9.0,161.0,456.0,-82.0,71.03333333333335,243.60000000000002,48.166666666666664,54.68333333333333,1.4786666666666666
Roberto Castro,0.0,56.0,6.0,81.0,265.0,-25.0,56.5,112.85999999999999,26.78,26.420000000000005,0.7182000000000001
Roberto Díaz,0.0,26.0,2.0,51.0,141.0,-25.0,71.7,191.23333333333335,43.666666666666664,43.43333333333334,1.183
Robin Williams,0.0,1.0,0.0,1.0,0.0,0.0,0.0,0.0,0.0,0.0,0.0
Rocco Mediate,0.0,1.0,0.0,0.0,0.0,1.0,0.0,0.0,0.0,0.0,0.0
Rod Pampling,1.0,38.0,1.0,60.0,242.0,-22.0,59.550000000000004,143.76666666666665,31.21666666666667,31.766666666666666,0.902
Rod Perry,0.0,0.0,0.0,0.0,0.0,0.0,0.0,0.0,0.0,0.0,0.0
Rodolfo Cazaubon,0.0,2.0,1.0,3.0,10.0,-1.0,70.9,0.0,0.0,0.0,0.0
Roger Sloan,0.0,42.0,5.0,54.0,217.0,-12.0,70.39999999999999,294.3666666666666,60.633333333333326,66.49999999999999,1.7633333333333334
Rory McIlroy,8.0,91.0,49.0,105.0,373.0,-14.0,69.63333333333333,263.95,47.73333333333334,55.666666666666664,1.4456666666666667
Rory Sabbatini,0.0,86.0,10.0,121.0,443.0,-35.0,70.39999999999999,240.7833333333333,52.78333333333334,55.366666666666674,1.4666666666666668
Rose Zhang,0.0,1.0,0.0,1.0,0.0,0.0,0.0,0.0,0.0,0.0,0.0
Ross Fisher,0.0,19.0,4.0,27.0,44.0,-8.0,47.366666666666674,0.0,0.0,0.0,0.0
Russ Cochran,0.0,0.0,0.0,0.0,0.0,0.0,0.0,0.0,0.0,0.0,0.0
Russell Henley,1.0,96.0,22.0,145.0,465.0,-49.0,69.93333333333332,243.10000000000002,55.949999999999996,57.63333333333333,1.4771666666666665
Russell Knox,2.0,101.0,15.0,130.0,477.0,-29.0,70.2,242.83333333333334,54.93333333333334,57.633333333333326,1.4891666666666667
Ryan Armour,1.0,69.0,12.0,129.0,394.0,-60.0,70.24,281.26,73.36,68.14,1.7689999999999997
Ryan Blaum,0.0,57.0,5.0,98.0,260.0,-41.0,56.1,172.46,37.54,39.279999999999994,1.0532
Ryan Brehm,0.0,34.0,0.0,46.0,186.0,-12.0,70.63333333333334,312.76666666666665,50.86666666666667,67.96666666666667,1.8046666666666666
Ryan Moore,1.0,86.0,21.0,123.0,356.0,-37.0,58.583333333333336,191.54999999999998,47.31666666666666,45.1,1.1698333333333333
Ryan Palmer,1.0,89.0,23.0,128.0,410.0,-39.0,70.36666666666666,251.8166666666667,49.61666666666667,55.31666666666666,1.4728333333333332
Ryan Ruffels,0.0,6.0,0.0,14.0,37.0,-8.0,72.75,0.0,0.0,0.0,0.0
Ryo Ishikawa,0.0,11.0,1.0,26.0,73.0,-15.0,71.6,144.4,25.95,31.65,0.8885
S.S.P. Chawrasia,0.0,2.0,0.0,2.0,8.0,0.0,71.9,0.0,0.0,0.0,0.0
Sam Brazel,0.0,2.0,0.0,2.0,8.0,0.0,71.6,0.0,0.0,0.0,0.0
Sam Burns,1.0,46.0,12.0,71.0,220.0,-25.0,70.10000000000001,308.1666666666667,56.96666666666666,66.5,1.7380000000000002
Sam Ryder,0.0,58.0,11.0,106.0,308.0,-48.0,70.275,296.525,63.375,68.625,1.766
Sam Saunders,0.0,49.0,7.0,100.0,284.0,-51.0,70.5,224.07500000000002,45.325,48.75,1.3127499999999999
Sandy Lyle,0.0,0.0,0.0,0.0,0.0,0.0,0.0,0.0,0.0,0.0,0.0
Sangmoon Bae,0.0,20.0,0.0,28.0,74.0,-8.0,35.7,74.125,15.375,16.175,0.4475
Satoshi Kodaira,1.0,43.0,1.0,52.0,244.0,-9.0,71.89999999999999,143.68333333333334,33.78333333333333,31.5,0.8965
Scott Brown,0.0,91.0,14.0,167.0,502.0,-76.0,70.85000000000001,242.20000000000002,53.51666666666667,54.26666666666666,1.4753333333333334
Scott Dunlap,0.0,0.0,0.0,0.0,0.0,0.0,0.0,0.0,0.0,0.0,0.0
Scott Harrington,0.0,25.0,1.0,52.0,147.0,-27.0,71.35,306.45000000000005,59.0,63.6,1.7854999999999999
Scott Hend,0.0,10.0,2.0,11.0,42.0,-1.0,71.55000000000001,0.0,0.0,0.0,0.0
Scott Langley,0.0,24.0,1.0,52.0,147.0,-28.0,70.93333333333334,90.43333333333334,23.0,20.666666666666668,0.5783333333333334
Scott Piercy,1.0,104.0,17.0,141.0,462.0,-37.0,70.50000000000001,246.7166666666667,52.61666666666667,56.13333333333333,1.4741666666666664
Scott Pinckney,0.0,15.0,0.0,29.0,85.0,-14.0,71.0,0.0,0.0,0.0,0.0
Scott Stallings,0.0,87.0,12.0,157.0,459.0,-70.0,70.3,248.2166666666667,48.199999999999996,56.35,1.4775
Scottie Scheffler,0.0,42.0,15.0,52.0,180.0,-10.0,69.55,306.95,62.35,68.55,1.7280000000000002
Seamus Power,1.0,65.0,10.0,108.0,321.0,-43.0,70.1,299.23999999999995,57.2,66.12,1.7631999999999999
Sean O'Hair,0.0,60.0,11.0,104.0,316.0,-44.0,70.95,149.78333333333333,30.5,33.03333333333334,0.8948333333333333
Sebastian Cappelen,0.0,16.0,1.0,42.0,107.0,-26.0,71.69999999999999,301.5,51.5,62.650000000000006,1.7759999999999998
Sebastian Munoz,1.0,61.0,13.0,101.0,315.0,-40.0,70.35,298.65,59.425,66.125,1.75575
Sepp Straka,0.0,42.0,7.0,81.0,238.0,-39.0,70.39999999999999,303.43333333333334,60.56666666666667,67.63333333333334,1.757
Sergio Garcia,3.0,72.0,20.0,98.0,275.0,-26.0,58.5,203.26666666666665,40.48333333333334,45.20000000000001,1.1841666666666666
Seth Reeves,0.0,11.0,1.0,25.0,67.0,-14.0,71.1,311.4,57.2,66.8,1.795
Seung-Yul Noh,0.0,34.0,4.0,66.0,189.0,-32.0,42.42,59.7,10.620000000000001,13.12,0.3528
Shane Bertsch,0.0,6.0,0.0,9.0,30.0,-3.0,35.45,0.0,0.0,0.0,0.0
Shane Lowry,1.0,73.0,12.0,100.0,320.0,-27.0,70.75,199.35,41.300000000000004,45.666666666666664,1.1900000000000002
Shaun Micheel,0.0,1.0,0.0,4.0,0.0,-3.0,0.0,0.0,0.0,0.0,0.0
Shaun Norris,0.0,2.0,0.0,2.0,8.0,0.0,72.3,0.0,0.0,0.0,0.0
Shawn Stefani,0.0,60.0,5.0,117.0,337.0,-57.0,58.68333333333334,148.25,29.816666666666666,34.0,0.89
Si Woo Kim,3.0,110.0,23.0,178.0,540.0,-68.0,70.53333333333333,244.5666666666667,50.050000000000004,53.26666666666667,1.4663333333333333
Smylie Kaufman,1.0,33.0,6.0,76.0,172.0,-43.0,53.575,76.2,13.7,16.325,0.44175
Solar Lee,0.0,0.0,0.0,1.0,0.0,-1.0,0.0,0.0,0.0,0.0,0.0
Soo-min Lee,0.0,2.0,0.0,2.0,8.0,0.0,74.8,0.0,0.0,0.0,0.0
Sophia Schubert,0.0,2.0,0.0,2.0,0.0,0.0,0.0,0.0,0.0,0.0,0.0
Spencer Levin,0.0,32.0,3.0,63.0,186.0,-31.0,70.4,139.5,33.9,32.8,0.9
Stephan Jaeger,0.0,27.0,0.0,26.0,146.0,1.0,70.6,296.45,59.15,66.55,1.7795
Stephen Ames,0.0,0.0,0.0,0.0,0.0,0.0,0.0,0.0,0.0,0.0,0.0
Steve Allan,0.0,1.0,0.0,0.0,6.0,1.0,35.95,0.0,0.0,0.0,0.0
Steve Flesch,0.0,0.0,0.0,0.0,2.0,0.0,35.75,0.0,0.0,0.0,0.0
Steve Jones,0.0,0.0,0.0,0.0,0.0,0.0,0.0,0.0,0.0,0.0,0.0
Steve Marino,0.0,19.0,2.0,45.0,106.0,-26.0,46.9,0.0,0.0,0.0,0.0
Steve Stricker,0.0,37.0,6.0,51.0,129.0,-14.0,42.54,0.0,0.0,0.0,0.0
Steve Wheatcroft,0.0,32.0,3.0,63.0,186.0,-31.0,71.13333333333334,189.79999999999998,46.0,42.53333333333333,1.1883333333333332
Steven Alker,0.0,11.0,0.0,23.0,64.0,-12.0,69.9,276.9,67.5,65.2,1.781
Steven Bowditch,0.0,11.0,1.0,26.0,71.0,-15.0,74.2,0.0,0.0,0.0,0.0
Steven Jeffress,0.0,1.0,0.0,1.0,4.0,0.0,75.3,0.0,0.0,0.0,0.0
Stewart Cink,2.0,87.0,10.0,110.0,429.0,-23.0,70.5,199.51666666666665,37.583333333333336,45.800000000000004,1.1773333333333333
Stuart Appleby,0.0,25.0,0.0,51.0,116.0,-26.0,53.325,0.0,0.0,0.0,0.0
Sung Kang,1.0,98.0,13.0,170.0,518.0,-72.0,71.10000000000001,247.6833333333333,48.01666666666667,53.783333333333324,1.4818333333333333
Sungjae Im,1.0,77.0,19.0,96.0,334.0,-19.0,69.66666666666666,297.8333333333333,66.36666666666666,67.93333333333332,1.7386666666666668
Søren Kjeldsen,0.0,20.0,3.0,29.0,89.0,-9.0,71.55,136.8,34.6,31.0,0.8775
Tag Ridings,0.0,13.0,1.0,20.0,59.0,-7.0,70.5,301.6,58.2,65.9,1.761
Talor Gooch,0.0,61.0,7.0,96.0,299.0,-35.0,70.275,298.4,58.625,66.625,1.763
Tayler Termeer,0.0,0.0,0.0,1.0,0.0,-1.0,0.0,0.0,0.0,0.0,0.0
"Ted Potter, Jr.",1.0,42.0,5.0,95.0,270.0,-53.0,71.25,286.5,61.95,65.2,1.7690000000000001
Ted Purdy,0.0,4.0,0.0,9.0,31.0,-5.0,72.35,0.0,0.0,0.0,0.0
Thomas Aiken,0.0,11.0,0.0,23.0,66.0,-12.0,70.9,0.0,0.0,0.0,0.0
Thomas Pieters,0.0,22.0,5.0,28.0,49.0,-6.0,46.76666666666667,0.0,0.0,0.0,0.0
Thongchai Jaidee,0.0,10.0,0.0,13.0,38.0,-3.0,72.0,0.0,0.0,0.0,0.0
Thorbjørn Olesen,0.0,6.0,1.0,11.0,30.0,-5.0,71.8,0.0,0.0,0.0,0.0
Tiger Woods,3.0,18.0,13.0,40.0,141.0,-22.0,48.699999999999996,75.9,14.825,16.85,0.436
Tim Clark,0.0,2.0,0.0,7.0,19.0,-5.0,71.1,0.0,0.0,0.0,0.0
Tim Herron,0.0,15.0,0.0,26.0,80.0,-11.0,43.220000000000006,0.0,0.0,0.0,0.0
Tim Wilkinson,0.0,40.0,1.0,60.0,173.0,-20.0,52.475,141.05,33.5,32.85,0.8805000000000001
Timothy O'Neal,0.0,0.0,0.0,0.0,0.0,0.0,0.0,0.0,0.0,0.0,0.0
Tom Byrum,0.0,0.0,0.0,0.0,0.0,0.0,0.0,0.0,0.0,0.0,0.0
Tom Gillis,0.0,5.0,0.0,12.0,34.0,-7.0,70.6,0.0,0.0,0.0,0.0
Tom Hoge,0.0,88.0,12.0,164.0,476.0,-76.0,70.75,241.08333333333334,50.75,53.95000000000001,1.4656666666666667
Tom Lehman,0.0,0.0,0.0,0.0,6.0,0.0,35.9,0.0,0.0,0.0,0.0
Tom Lewis,0.0,21.0,2.0,40.0,114.0,-19.0,70.65,151.25,28.7,32.8,0.903
Tom Lovelady,0.0,21.0,2.0,28.0,116.0,-7.0,71.05000000000001,157.95,27.35,33.55,0.887
Tomas Melo Gouveia,0.0,0.0,0.0,1.0,0.0,-1.0,0.0,0.0,0.0,0.0,0.0
Tommy Armour III,0.0,0.0,0.0,0.0,0.0,0.0,0.0,0.0,0.0,0.0,0.0
Tommy Fleetwood,0.0,68.0,18.0,78.0,268.0,-10.0,70.53333333333333,202.66666666666666,41.35,44.650000000000006,1.1835
Tommy Gainey,0.0,8.0,0.0,14.0,24.0,-6.0,35.825,0.0,0.0,0.0,0.0
Tony Finau,2.0,126.0,42.0,157.0,544.0,-31.0,69.73333333333333,258.18333333333334,46.26666666666667,57.099999999999994,1.4511666666666667
Trevor Dodds,0.0,0.0,0.0,0.0,0.0,0.0,0.0,0.0,0.0,0.0,0.0
Trevor Fisher,0.0,1.0,0.0,1.0,4.0,0.0,72.0,0.0,0.0,0.0,0.0
Trevor Immelman,0.0,3.0,0.0,2.0,10.0,1.0,36.1,0.0,0.0,0.0,0.0
Trey Mullinax,0.0,45.0,4.0,54.0,233.0,-9.0,70.32499999999999,234.525,40.125,49.975,1.323
Troy Matteson,0.0,1.0,0.0,7.0,0.0,-6.0,0.0,0.0,0.0,0.0,0.0
Troy Merritt,1.0,88.0,15.0,157.0,465.0,-69.0,70.63333333333334,243.43333333333337,52.800000000000004,55.0,1.4641666666666666
Tyler Aldridge,0.0,17.0,0.0,42.0,114.0,-25.0,71.5,0.0,0.0,0.0,0.0
Tyler Duncan,1.0,66.0,4.0,118.0,349.0,-52.0,70.825,289.725,68.425,67.5,1.7867499999999998
Tyler McCumber,0.0,21.0,2.0,25.0,121.0,-4.0,71.1,309.79999999999995,56.3,65.45,1.7995
Tyrone Van Aswegen,0.0,66.0,4.0,94.0,332.0,-28.0,70.95,144.375,29.2,32.900000000000006,0.88975
Tyrrell Hatton,1.0,62.0,22.0,81.0,265.0,-19.0,69.93333333333334,199.33333333333334,41.583333333333336,44.333333333333336,1.1668333333333334
Vaughn Taylor,1.0,90.0,11.0,151.0,466.0,-61.0,70.38333333333334,235.23333333333335,56.71666666666667,54.833333333333336,1.4531666666666665
Victor Dubuisson,0.0,3.0,0.0,5.0,12.0,-2.0,74.1,0.0,0.0,0.0,0.0
Vijay Singh,0.0,25.0,2.0,50.0,138.0,-25.0,43.260000000000005,0.0,0.0,0.0,0.0
Viktor Hovland,2.0,39.0,10.0,44.0,157.0,-5.0,69.75,300.75,63.55,68.55,1.7345000000000002
Vince Covello,0.0,1.0,0.0,0.0,22.0,1.0,71.2,0.0,0.0,0.0,0.0
Vince Whaley,0.0,23.0,2.0,42.0,118.0,-19.0,70.65,298.75,57.45,65.9,1.7574999999999998
WC Liang,0.0,2.0,0.0,2.0,8.0,0.0,72.25,0.0,0.0,0.0,0.0
Webb Simpson,3.0,111.0,37.0,130.0,465.0,-19.0,69.35000000000001,242.91666666666666,54.96666666666667,56.56666666666666,1.4425
Wenyung Keh,0.0,1.0,0.0,2.0,0.0,-1.0,0.0,0.0,0.0,0.0,0.0
Wes Roach,0.0,36.0,4.0,70.0,158.0,-34.0,53.025000000000006,146.15,32.125,33.875,0.8819999999999999
Wesley Bryan,1.0,43.0,6.0,66.0,188.0,-23.0,56.06,112.04,22.66,24.36,0.6992
Whee Kim,0.0,49.0,8.0,111.0,309.0,-62.0,70.9,215.025,44.65,48.074999999999996,1.31725
Will Gordon,0.0,16.0,0.0,31.0,88.0,-15.0,71.1,315.0,55.1,67.4,1.768
Will MacKenzie,0.0,23.0,1.0,42.0,143.0,-19.0,70.96666666666665,0.0,0.0,0.0,0.0
Will Wilcox,0.0,15.0,2.0,37.0,95.0,-22.0,70.95,0.0,0.0,0.0,0.0
Will Zalatoris,0.0,21.0,8.0,25.0,87.0,-4.0,69.9,307.4,56.4,69.5,1.777
William McGirt,1.0,56.0,13.0,93.0,264.0,-37.0,57.279999999999994,114.9,25.98,26.96,0.7166
Woody Austin,0.0,1.0,0.0,0.0,0.0,1.0,0.0,0.0,0.0,0.0,0.0
Wyndham Clark,0.0,44.0,6.0,77.0,224.0,-33.0,70.56666666666666,310.5,51.900000000000006,63.96666666666667,1.7363333333333333
Xander Schauffele,4.0,95.0,32.0,116.0,405.0,-21.0,69.75999999999999,305.76,59.6,68.3,1.746
Xinjun Zhang,0.0,36.0,4.0,83.0,228.0,-47.0,71.0,176.84,36.660000000000004,39.06,1.0672000000000001
Y.E. Yang,0.0,5.0,0.0,9.0,30.0,-4.0,70.80000000000001,0.0,0.0,0.0,0.0
Yi Cao,0.0,1.0,0.0,1.0,4.0,0.0,74.3,0.0,0.0,0.0,0.0
Yosuke Tsukada,0.0,1.0,0.0,2.0,6.0,-1.0,76.0,0.0,0.0,0.0,0.0
Young-han Song,0.0,5.0,0.0,6.0,22.0,-1.0,71.30000000000001,0.0,0.0,0.0,0.0
Yusaku Miyazato,0.0,3.0,0.0,4.0,14.0,-1.0,72.6,0.0,0.0,0.0,0.0
Yuta Ikeda,0.0,7.0,0.0,13.0,36.0,-6.0,72.75,0.0,0.0,0.0,0.0
Zac Blair,0.0,62.0,4.0,110.0,319.0,-48.0,56.58,166.61999999999998,39.02,38.94,1.0608
Zach Johnson,0.0,104.0,16.0,133.0,459.0,-29.0,70.25,239.85,53.883333333333326,54.849999999999994,1.4626666666666666
Zack Sucher,0.0,16.0,1.0,24.0,66.0,-8.0,46.76666666666667,100.53333333333335,17.766666666666666,22.8,0.5966666666666667
Zecheng Dou,0.0,6.0,0.0,25.0,57.0,-19.0,71.89999999999999,97.3,18.266666666666666,21.233333333333334,0.6073333333333334
